Page Views,Traffic Source,Bounce Rate,Previous Visits,Conversion Rate,Time on Page
5,Organic,0.230651937,3,1,3.89046007
4,Social,0.391001334,0,1,8.478174487
4,Organic,0.397986106,2,1,9.636169627
5,Organic,0.180457685,3,1,2.071924676
5,Paid,0.291540874,5,1,1.96065383
3,Social,0.420740049,2,1,3.438711548
5,Social,0.034978157,1,1,2.119271472
4,Paid,0.25234276,5,1,3.478015701
6,Organic,0.120702771,1,1,5.28551908
7,Paid,0.212726886,5,1,4.060115223
2,Direct,0.485767822,3,1,2.973652787
5,Referral,0.453890552,0,1,1.499008557
5,Social,0.263551977,0,1,9.688591918
6,Paid,0.263335944,2,1,4.981015475
4,Paid,0.320588094,3,1,5.802188906
6,Paid,0.296641006,2,1,10.02890318
6,Referral,0.337694551,0,1,2.984756678
1,Social,0.249316381,1,1,8.30362448
7,Paid,0.256684547,3,1,8.793492245
2,Paid,0.172977736,2,1,2.889980024
11,Organic,0.251640726,5,1,11.69293807
4,Organic,0.644309989,4,1,4.164912574
3,Direct,0.287329568,1,1,6.025224139
8,Organic,0.183589716,2,1,3.72750665
3,Social,0.09314584,2,1,5.083885619
3,Referral,0.118828262,3,1,1.336264957
5,Social,0.056094122,1,1,7.05303439
8,Direct,0.013264164,2,1,2.107742851
3,Referral,0.158098155,3,1,15.0222197
2,Social,0.135033107,0,0.963079669,1.552828446
5,Organic,0.12373095,2,1,3.296032106
3,Referral,0.444408206,2,0.868593275,2.638993032
8,Social,0.250903219,2,1,0.966023815
10,Organic,0.213485799,1,1,9.004402387
3,Referral,0.075536222,1,0.972276632,1.951268458
2,Social,0.68193012,4,1,3.869525945
5,Social,0.368471727,1,0.892856006,1.687480629
7,Organic,0.148310175,2,1,7.17173107
6,Referral,0.230326717,0,1,2.992466163
6,Organic,0.480492545,1,1,4.219468464
2,Referral,0.266410874,1,0.984004061,3.279772549
4,Paid,0.125454362,1,1,4.612913658
9,Paid,0.293249096,0,1,8.652438902
7,Paid,0.460873286,1,1,3.300934784
11,Organic,0.288505451,2,1,5.276812813
8,Organic,0.613241098,0,1,3.061934986
3,Organic,0.401329736,1,0.962493642,1.425644129
2,Referral,0.189480814,2,1,4.23789787
3,Social,0.189265462,2,1,1.593548073
4,Organic,0.030525144,1,1,2.873870683
5,Organic,0.84493938,4,0.749203659,0.727810446
5,Paid,0.189229164,2,1,3.97019724
4,Referral,0.160529651,4,1,3.154549987
3,Organic,0.386124735,1,1,3.834073321
8,Organic,0.358929582,2,1,3.910938078
2,Organic,0.048201669,4,1,4.879187494
1,Organic,0.526355517,2,1,5.415281971
4,Organic,0.159205739,5,1,14.33851631
5,Organic,0.222896704,2,1,9.84027064
4,Referral,0.64639033,1,1,5.316899879
3,Referral,0.054179402,1,1,2.769737315
4,Organic,0.293753959,1,1,2.814258945
8,Referral,0.268241018,2,0.907349292,0.370603051
2,Paid,0.083114277,1,0.625293991,1.586549521
2,Direct,0.158092854,2,1,3.079790782
2,Organic,0.24901885,4,1,4.219020148
7,Referral,0.234216542,2,1,18.23996376
6,Referral,0.220051016,5,1,4.770245176
7,Organic,0.10362923,3,1,5.464398173
6,Direct,0.496233396,4,1,1.380698487
7,Paid,0.539858292,1,1,2.253880627
6,Referral,0.115187943,1,1,3.09611905
4,Organic,0.171382316,2,1,0.989993628
2,Organic,0.190188388,1,1,4.681621703
3,Paid,0.323885389,3,1,1.962131629
4,Organic,0.273503888,2,1,1.22331653
7,Paid,0.509321749,0,1,6.36347233
4,Organic,0.139796164,0,1,3.103389527
3,Referral,0.485452184,0,1,4.377897111
2,Paid,0.369618687,2,0.796755742,1.24304707
6,Organic,0.183126678,2,1,5.900334031
3,Referral,0.475960716,1,1,5.027113599
5,Paid,0.314158679,3,1,3.71491664
9,Organic,0.12497132,1,1,5.792328942
6,Organic,0.397080094,2,0.86876104,2.260658974
6,Organic,0.232242852,1,1,2.650401069
9,Organic,0.645710669,2,1,2.572884453
4,Direct,0.147181221,2,1,0.79193609
9,Paid,0.289880142,1,1,2.99751001
2,Organic,0.167140253,2,1,3.493775652
10,Organic,0.235484023,0,1,2.134253607
6,Organic,0.051086871,3,1,3.107007652
9,Paid,0.110023884,1,1,3.276242705
4,Organic,0.066918596,3,1,5.553548993
1,Paid,0.313361357,4,1,5.755733748
6,Organic,0.256338124,1,1,9.081799797
8,Social,0.306808599,5,1,2.270526196
6,Organic,0.296407906,0,1,7.478524876
2,Paid,0.38157368,3,1,6.619431042
3,Referral,0.068599468,3,1,1.121857386
5,Paid,0.045909719,2,1,6.971477092
3,Social,0.283186624,1,0.874484327,1.12639772
3,Referral,0.131191735,0,1,3.790101093
5,Paid,0.172712712,5,1,7.826826067
6,Paid,0.399818151,0,1,0.424393942
5,Direct,0.227532183,0,1,5.162229295
3,Referral,0.390992354,1,1,1.248632588
5,Direct,0.504288172,2,1,9.227409199
3,Organic,0.285231584,1,1,6.473043948
3,Paid,0.57390877,5,1,0.914021059
6,Direct,0.161777892,1,0.908835703,2.398132927
5,Organic,0.135113555,2,1,8.233772652
6,Direct,0.236755004,3,1,4.468721982
2,Organic,0.164526488,1,1,5.685964729
4,Direct,0.253042795,1,1,2.644228966
7,Paid,0.545753359,1,1,6.688997323
6,Organic,0.103671196,2,1,10.67944941
5,Social,0.2566508,1,1,1.421380169
4,Organic,0.449471114,2,1,2.521880288
3,Organic,0.317173009,2,1,4.47407384
3,Organic,0.187622049,4,1,3.058990148
7,Referral,0.194111552,1,1,4.398518979
7,Direct,0.443827605,3,1,5.067110645
6,Organic,0.199953158,3,1,3.072196814
6,Paid,0.219078217,3,1,2.179539054
7,Organic,0.270952874,3,1,3.784863276
8,Referral,0.304309187,0,1,1.0710392
6,Organic,0.055213692,0,1,1.987983514
3,Organic,0.21624186,2,1,2.725889502
7,Organic,0.05105229,2,1,3.551557937
5,Paid,0.113936326,0,1,8.767249214
5,Social,0.211243916,1,1,0.668978698
7,Paid,0.33060232,0,1,3.643817953
4,Organic,0.285993546,1,1,5.672679926
9,Paid,0.05622645,1,1,2.934160623
4,Social,0.477294487,0,1,2.252288265
5,Organic,0.198799077,1,1,3.275800365
2,Organic,0.334615418,2,1,2.296890371
6,Organic,0.146305967,5,1,1.492004578
3,Referral,0.315261031,0,1,1.815168733
6,Paid,0.51234922,0,0.932545459,1.844325298
2,Paid,0.278067379,3,1,14.26480293
3,Organic,0.157511195,6,1,4.103969067
5,Organic,0.142534674,2,1,3.141011093
3,Direct,0.228472732,1,1,1.556128492
4,Organic,0.276907423,1,1,9.791441186
5,Direct,0.085754623,1,1,5.452240456
6,Paid,0.176561263,2,1,5.936922227
3,Organic,0.528060406,2,1,8.897551138
3,Paid,0.194541316,1,1,2.310208059
4,Direct,0.031379666,0,1,9.049868247
5,Paid,0.139459572,2,1,4.376876323
4,Social,0.246271411,5,1,7.275034714
2,Organic,0.177797787,4,1,3.549808344
6,Paid,0.39945849,1,1,2.35352117
6,Social,0.394311397,3,1,5.883734969
8,Direct,0.021722598,2,1,1.346004107
1,Paid,0.254944949,2,1,5.419541377
6,Referral,0.115202968,3,1,0.207017382
2,Organic,0.104061662,1,1,0.846540305
5,Organic,0.593563627,6,1,1.740479856
2,Organic,0.156004809,5,1,3.016579317
6,Organic,0.113945985,2,1,6.081979543
4,Organic,0.322041648,3,1,1.934706396
3,Organic,0.48083391,2,1,4.803429497
5,Direct,0.094474674,0,1,3.116233382
6,Referral,0.123484979,0,1,7.008283027
3,Paid,0.294240023,1,1,1.586454442
4,Direct,0.631519875,3,1,2.664499798
8,Organic,0.303513565,2,1,8.023780429
4,Paid,0.565697582,2,0.824802799,1.436848946
10,Referral,0.642029922,4,1,5.274311468
4,Organic,0.328384314,0,1,0.557270606
5,Referral,0.376770582,2,1,8.505160283
10,Organic,0.184526614,0,1,1.756233587
3,Organic,0.419572941,7,1,1.909935826
4,Organic,0.141586658,1,0.993382912,1.046237142
7,Direct,0.126849172,1,1,5.003371014
5,Referral,0.450916934,4,1,3.83193797
10,Referral,0.167680215,3,1,1.523506714
4,Paid,0.311270313,2,1,3.342979663
2,Organic,0.390765774,1,1,13.33602859
3,Referral,0.173115824,1,1,6.910315317
5,Paid,0.099494056,2,1,7.983271936
8,Organic,0.036005997,1,1,1.864586258
4,Referral,0.139147026,3,1,1.628082142
3,Organic,0.651012607,2,1,0.663175408
8,Organic,0.141029221,0,1,4.301892388
6,Social,0.044676581,2,1,2.726465352
8,Referral,0.558240771,2,1,8.402272184
3,Referral,0.116204936,3,1,8.00141814
3,Paid,0.386555142,1,1,4.917496225
5,Organic,0.049907296,5,1,1.161455216
11,Referral,0.342330886,2,1,1.073812166
7,Referral,0.528105761,1,0.799929173,0.341887963
4,Paid,0.121313722,2,1,1.559234261
3,Direct,0.10249935,2,1,1.160473246
8,Direct,0.31506405,2,1,5.168079938
8,Paid,0.210062604,1,1,2.595962689
3,Social,0.390915606,1,1,2.170248239
3,Paid,0.494703788,2,1,3.120682956
6,Paid,0.278464813,3,1,3.519864491
2,Organic,0.525281156,4,1,2.014428472
7,Paid,0.442830952,1,1,2.683800535
5,Direct,0.105122621,1,1,5.53881741
5,Social,0.24248273,2,1,6.247581499
6,Social,0.097318584,0,0.937471179,1.141330562
1,Organic,0.384199575,3,0.962735154,2.918301478
10,Organic,0.338042743,4,1,9.027136636
2,Organic,0.24237833,2,1,9.169156549
5,Organic,0.182125074,2,1,8.427336657
4,Paid,0.171162763,4,1,4.560344051
5,Organic,0.153002285,0,1,2.794543368
4,Paid,0.283684418,2,1,0.408304231
5,Paid,0.11521874,1,0.780597527,1.388833392
6,Organic,0.199260327,1,1,3.167497505
1,Organic,0.125634099,0,1,5.672978403
3,Social,0.643345941,2,1,4.863526558
2,Organic,0.139822613,4,1,1.077954845
5,Organic,0.237531535,2,1,2.285622245
4,Social,0.165928127,2,1,8.674680382
7,Direct,0.380022629,0,1,2.900913518
7,Referral,0.321169119,3,1,4.910351437
2,Organic,0.610016719,1,0.989809721,2.395231542
6,Organic,0.308326964,3,1,0.633561235
7,Direct,0.254939341,6,1,3.961049127
2,Social,0.148651125,4,1,2.80017644
7,Paid,0.680795587,0,0.949344453,3.001540945
5,Organic,0.273163936,1,1,3.579698962
7,Organic,0.131587225,1,1,1.499107639
6,Organic,0.628660794,2,1,3.437920074
5,Referral,0.458857366,3,1,1.550935479
6,Organic,0.338964234,0,0.875163627,4.933953994
5,Direct,0.085323328,5,1,20.0212847
4,Organic,0.09780091,0,1,1.895128806
7,Referral,0.343015565,6,1,8.746138672
1,Organic,0.389264371,0,1,3.169156083
8,Paid,0.310863705,2,1,3.545783448
4,Organic,0.552722867,4,1,2.892015115
5,Social,0.273600046,3,1,1.853439804
3,Paid,0.159007987,1,1,2.237548302
7,Organic,0.67117782,3,1,10.75544236
2,Social,0.160230757,3,0.838406151,1.498222682
5,Paid,0.33322582,2,1,6.633625657
10,Direct,0.361554189,3,1,2.496411124
7,Direct,0.291312499,1,0.832466902,0.517605415
7,Direct,0.329030485,1,1,3.408635542
10,Organic,0.262850065,2,1,13.63962071
1,Organic,0.118907584,0,1,5.90091089
5,Direct,0.157841287,3,1,0.209127312
3,Paid,0.143222569,1,1,5.504601131
8,Organic,0.174029271,4,1,2.699797958
7,Social,0.163002423,2,1,1.20327861
3,Organic,0.792654782,4,1,2.402637131
1,Referral,0.253216988,1,1,1.266106876
5,Social,0.133916763,0,0.528802627,0.572741948
3,Social,0.167243421,1,0.50822676,1.722424782
6,Organic,0.050577028,3,1,2.05062565
3,Paid,0.255697472,2,1,1.998384892
4,Paid,0.281449719,3,1,2.35345073
5,Paid,0.695008851,2,1,1.881070385
8,Organic,0.231774866,0,1,3.280392214
7,Paid,0.345858409,2,1,8.616289797
5,Paid,0.181412395,1,0.927654017,0.644302448
4,Paid,0.387096181,1,1,4.357585118
6,Social,0.441248319,2,1,4.323490699
8,Paid,0.06006809,2,1,1.295974929
4,Organic,0.007868091,0,1,7.360139157
3,Referral,0.478026952,3,1,0.673726946
2,Social,0.356761142,1,1,5.528478252
3,Organic,0.082811695,2,1,3.578504027
9,Referral,0.413105125,2,1,1.235251885
5,Organic,0.07920017,2,1,8.725271739
4,Organic,0.317150776,1,1,0.627118185
7,Direct,0.21073013,2,1,7.593991678
8,Direct,0.497867083,4,1,1.902036146
4,Paid,0.414140172,2,1,2.707655757
4,Referral,0.16358183,5,1,1.17401266
8,Social,0.424102463,3,1,2.04213062
5,Direct,0.420538209,2,1,6.108036618
5,Paid,0.450129415,2,1,4.202479922
6,Paid,0.476047048,2,1,10.21244597
7,Paid,0.351838663,5,1,1.372679456
2,Organic,0.040495972,2,1,2.413296505
1,Paid,0.568450678,0,1,4.436431522
7,Social,0.326215312,7,1,4.452984315
5,Social,0.233084838,4,1,2.583004418
4,Social,0.169027932,1,0.904988387,1.045512406
4,Organic,0.558438207,5,1,7.812038667
3,Paid,0.342324358,0,1,1.37532703
8,Organic,0.789795452,3,0.958407796,1.958779602
7,Organic,0.115574108,0,1,2.598160573
1,Direct,0.018612442,4,1,4.128671031
2,Paid,0.302519321,2,1,1.239293758
4,Social,0.373464416,4,0.952466138,2.526628101
6,Organic,0.476520171,0,1,5.83724341
4,Paid,0.230609813,1,1,9.15937315
6,Referral,0.227726906,1,0.977705519,1.691866096
8,Organic,0.269481993,1,0.980397378,0.594506407
7,Organic,0.168316577,2,1,4.34690697
5,Organic,0.39422182,4,1,0.7730915
2,Referral,0.239935332,4,1,3.940186226
1,Direct,0.567646641,0,0.951611594,2.777165188
7,Social,0.117868831,2,1,2.617454853
4,Direct,0.188414322,3,1,1.306244472
1,Social,0.242393074,1,1,10.41547871
6,Social,0.197705412,0,1,2.297362733
5,Paid,0.3991072,0,1,5.418335299
8,Paid,0.2230009,0,1,3.473259751
5,Paid,0.159566917,2,1,4.891406796
4,Social,0.323782943,1,1,8.43677391
10,Organic,0.309484183,1,1,1.312369931
7,Organic,0.365997867,1,1,1.613104655
4,Direct,0.432309718,1,0.822033603,2.096672242
8,Organic,0.649902041,4,1,8.334458771
5,Direct,0.084160727,1,1,5.725969783
5,Referral,0.398045129,1,1,2.854758956
5,Organic,0.09209787,1,1,2.512742806
2,Referral,0.097201303,1,0.961311664,2.178513118
3,Social,0.138081862,3,1,4.313047966
4,Organic,0.026546465,2,1,8.050592305
9,Social,0.205359798,2,1,4.563618804
0,Social,0.357889124,3,1,3.300227848
5,Organic,0.091569081,2,1,5.059560529
5,Organic,0.510478348,1,1,1.890173686
5,Organic,0.122064153,3,1,9.069597697
5,Organic,0.023322517,0,1,9.055312572
4,Organic,0.084715145,4,1,3.145491105
9,Referral,0.09188305,3,1,1.746818773
6,Organic,0.457164239,3,1,1.746603375
2,Social,0.390301342,1,1,2.458419805
6,Organic,0.232811938,2,1,4.064775167
6,Paid,0.329877148,4,1,0.505146668
6,Referral,0.471019294,3,1,2.766064942
5,Social,0.314335172,1,1,5.946264438
2,Paid,0.28598545,0,1,2.338076626
5,Organic,0.460388216,1,1,1.56601603
3,Social,0.133241515,0,1,3.832732638
3,Organic,0.072743359,5,1,2.818959229
3,Organic,0.277410551,2,1,5.038873368
6,Paid,0.253145725,2,0.7642584,1.06922354
6,Social,0.122654777,2,1,3.92379441
4,Organic,0.423129407,0,1,8.053915466
5,Paid,0.190941019,1,0.908741342,4.039796444
5,Paid,0.168222488,0,0.798459022,1.715552636
7,Direct,0.3393339,2,0.987174848,0.257339681
5,Organic,0.183055526,5,1,1.428034328
3,Organic,0.036751595,1,1,2.568988402
4,Paid,0.310123641,1,1,0.640532611
7,Organic,0.162100579,3,1,3.043895788
5,Referral,0.28500485,1,1,2.530810379
7,Referral,0.202252771,1,1,1.11504892
8,Social,0.231686229,1,1,4.678400742
7,Social,0.168928447,2,1,5.452857024
5,Direct,0.395902358,3,1,9.591394006
8,Paid,0.045196767,2,1,2.636885612
4,Direct,0.114695175,2,1,0.998782825
6,Organic,0.178998234,3,1,1.195085769
8,Referral,0.294336279,2,1,7.352477028
6,Paid,0.13536982,2,1,3.461222823
3,Social,0.274286606,4,1,2.820098544
8,Paid,0.2391811,1,1,6.479232666
4,Social,0.437149309,3,1,1.819372053
7,Direct,0.389505488,4,1,8.413692091
2,Referral,0.437873795,2,0.597029999,2.04612436
10,Social,0.105332083,3,1,6.033490865
6,Organic,0.123874479,2,1,3.343995628
4,Organic,0.33271551,2,1,3.644371365
5,Direct,0.075670128,3,1,2.617799748
6,Referral,0.129964668,3,1,8.3392635
4,Paid,0.181984804,4,1,1.586114268
5,Organic,0.160501739,2,1,6.762421624
6,Organic,0.465518585,1,1,1.32038281
3,Organic,0.313053672,3,1,0.487403329
7,Paid,0.117719756,1,1,4.575833142
7,Organic,0.602871836,1,1,2.986751161
8,Organic,0.313151433,1,1,3.224841102
4,Paid,0.099975519,3,1,0.823106748
7,Paid,0.127397477,2,1,2.9889362
3,Organic,0.476143201,1,1,1.905431034
4,Paid,0.306382532,0,1,11.02958591
4,Direct,0.256000205,0,1,5.069309677
0,Paid,0.170705004,2,0.996185861,3.401470318
1,Social,0.434359543,1,0.980189912,6.16801505
1,Direct,0.045377183,2,0.998369068,2.452759966
7,Organic,0.09655254,2,1,3.52639315
5,Organic,0.14567486,1,1,2.386727731
5,Paid,0.10294484,5,1,1.980368421
8,Paid,0.324118136,0,1,4.024737292
3,Paid,0.460078283,4,1,6.141878722
5,Organic,0.603165264,3,1,3.134555749
3,Referral,0.098501528,3,1,1.541855598
5,Organic,0.309396648,0,1,2.687957087
1,Direct,0.248912429,5,1,1.934396256
7,Organic,0.308654553,2,1,2.409601036
2,Direct,0.405908393,0,0.775336583,2.046413883
4,Organic,0.207776561,1,1,5.136301194
6,Organic,0.566279256,4,1,12.80147015
7,Organic,0.470775441,2,1,2.332391042
9,Direct,0.284050866,5,1,3.384335095
4,Organic,0.33995081,5,1,2.062480964
1,Referral,0.081871014,2,1,1.750778661
4,Social,0.082488904,2,1,2.067491132
6,Referral,0.092215214,2,1,0.314038741
3,Organic,0.293778491,3,1,5.072772622
4,Direct,0.375728749,2,1,0.93427268
2,Social,0.067299725,0,1,4.440053675
6,Paid,0.225033678,1,1,3.207502056
8,Paid,0.085575178,2,1,2.91613722
7,Direct,0.274069746,2,1,5.223592211
2,Direct,0.208925901,1,1,4.223186087
6,Paid,0.318243695,5,1,4.998269234
9,Social,0.334574213,0,1,4.909407585
3,Organic,0.371905277,2,1,4.880486115
8,Organic,0.198879392,1,1,3.700110175
7,Organic,0.430816827,2,1,8.955681608
6,Organic,0.106303736,1,1,3.632154922
10,Referral,0.212806418,3,1,11.82438278
5,Paid,0.204129248,3,1,1.80038714
5,Organic,0.249412834,0,1,1.196587251
5,Paid,0.161992307,1,1,5.251469916
5,Organic,0.784482714,1,0.468486127,0.327198561
4,Direct,0.216079832,2,1,5.60620716
10,Social,0.08066381,7,1,0.736712968
3,Organic,0.154099872,2,1,2.961305553
2,Direct,0.147940769,3,1,5.585758823
6,Organic,0.241904739,3,0.719286001,0.828145316
4,Referral,0.204583297,1,1,2.714623465
4,Direct,0.152512896,0,1,5.925250856
8,Organic,0.56471266,1,0.982726067,0.365810605
5,Referral,0.157136983,1,1,3.745821535
4,Organic,0.325995025,1,1,2.062483746
7,Organic,0.295559122,1,1,7.440879058
4,Paid,0.320132629,5,1,2.35323792
2,Direct,0.222133457,5,1,12.96431643
2,Paid,0.229511272,2,1,3.377321505
3,Direct,0.469082547,3,1,3.069837449
3,Direct,0.178708412,3,1,1.925624694
8,Organic,0.285469741,2,1,2.431642733
6,Paid,0.286231222,0,1,5.340246996
0,Referral,0.347784441,2,0.932830269,2.599769344
8,Paid,0.547837985,2,1,1.856067682
5,Organic,0.118952118,2,1,0.914731878
4,Direct,0.316972894,2,1,2.226469084
5,Social,0.28559546,3,1,5.131792939
7,Paid,0.539535724,2,1,1.829128578
6,Referral,0.337951822,3,1,16.32290146
3,Organic,0.278446149,1,1,8.343286107
4,Paid,0.414254368,2,0.926050249,0.358837972
2,Direct,0.203828621,5,1,2.532268591
4,Social,0.304921332,0,1,2.143944168
1,Organic,0.219933496,1,0.801925305,0.556033141
9,Paid,0.495141086,3,1,2.210918539
3,Referral,0.104806873,1,1,2.199760346
1,Organic,0.361312018,2,0.820018995,5.517536412
5,Organic,0.505923023,3,1,6.461177333
4,Paid,0.258080711,1,1,5.626578126
6,Referral,0.381699475,2,1,8.166845135
5,Organic,0.047619667,5,1,3.335884109
8,Organic,0.414772948,3,1,3.32845172
5,Organic,0.458863866,1,1,5.268935816
7,Organic,0.246035079,3,1,2.229985485
4,Paid,0.261906826,4,1,3.86127806
1,Organic,0.287894938,3,1,3.721134082
5,Organic,0.150131139,2,1,4.296920724
4,Social,0.143334457,4,1,6.733017067
3,Organic,0.452323237,3,0.868693089,1.634691011
2,Paid,0.20972948,0,0.860090129,1.681804785
12,Direct,0.279516204,2,1,12.08349527
5,Referral,0.020209225,1,1,1.635528335
10,Referral,0.202020509,3,1,2.324713471
6,Paid,0.043257353,1,1,4.610230194
1,Organic,0.199787564,1,0.511861912,0.431941819
6,Referral,0.203025538,1,1,2.063063187
2,Referral,0.283999988,0,0.972978412,1.164171833
4,Organic,0.162738503,0,0.713097968,0.887592644
5,Paid,0.556066136,2,1,6.638986577
8,Direct,0.147413425,3,1,5.649883602
4,Organic,0.130105364,1,1,1.406252623
2,Paid,0.466192105,3,1,6.854873678
1,Paid,0.283508088,3,1,7.175534731
8,Social,0.742734368,1,1,8.168886876
8,Social,0.171354575,3,1,7.289645092
4,Social,0.156035415,1,1,3.931784481
1,Organic,0.048328037,2,0.999810472,2.280971104
9,Organic,0.223936767,3,1,5.614024144
4,Organic,0.272593292,1,1,2.441558899
2,Referral,0.058161654,6,1,4.07025871
4,Referral,0.309701679,5,1,2.199124677
3,Direct,0.181569199,2,1,3.066732517
8,Paid,0.211802397,1,1,1.121853834
9,Referral,0.246869825,1,1,5.358929094
4,Paid,0.276803284,1,1,4.255955912
4,Organic,0.113755689,0,1,0.792227047
5,Paid,0.193019968,2,1,2.456323635
11,Paid,0.282086947,1,1,6.102849998
8,Direct,0.378295727,1,0.900291806,1.410717462
6,Organic,0.298915571,3,0.989946004,1.451157998
2,Direct,0.228147702,1,1,2.682372422
8,Paid,0.131622418,4,1,1.841087133
7,Organic,0.584260022,2,1,9.130285328
6,Organic,0.670930262,1,1,1.834258587
5,Organic,0.119312159,0,0.851375985,2.06542489
3,Paid,0.250433579,2,1,0.188309106
5,Organic,0.6687615,0,0.925304068,2.605130186
3,Paid,0.18850221,2,1,5.557134104
3,Direct,0.352727587,1,1,5.218668994
7,Referral,0.335824663,0,1,5.404504099
4,Social,0.31890757,1,1,4.935170438
4,Organic,0.571462121,1,1,10.28372383
6,Paid,0.276430748,2,1,3.995125686
6,Organic,0.233936791,2,1,2.026807168
3,Social,0.29278406,0,1,2.152462893
4,Organic,0.233906502,1,1,2.519294356
6,Paid,0.401436058,4,1,1.67847273
6,Paid,0.09689916,1,1,4.289220612
6,Paid,0.171365151,0,1,5.799863509
6,Social,0.252082371,2,1,2.261834787
3,Organic,0.361237862,3,1,7.039498418
5,Organic,0.188024281,5,1,1.091149452
2,Social,0.382309667,3,1,0.428272649
5,Paid,0.217161103,2,1,2.194252587
3,Paid,0.692524687,4,1,0.494582769
3,Organic,0.314983202,0,0.730407109,1.527054525
5,Social,0.591597537,0,1,3.645431128
11,Direct,0.34887354,0,1,0.708657769
7,Referral,0.114266594,1,1,3.414782126
7,Social,0.105947615,0,1,1.882114876
4,Paid,0.240746983,4,1,4.905288054
1,Organic,0.444960196,2,1,0.853810452
4,Organic,0.179093776,4,1,1.882119734
5,Referral,0.065253789,4,1,1.643101105
4,Paid,0.605469653,0,1,3.65691555
4,Social,0.097646144,1,0.832439045,2.046011282
7,Referral,0.2586435,1,1,4.819333441
6,Direct,0.246013043,3,1,3.733268039
8,Paid,0.049225381,1,1,3.096045273
4,Paid,0.364635548,3,1,2.567608101
3,Organic,0.161348492,2,1,9.548385899
0,Paid,0.098747475,2,1,3.387571947
4,Social,0.67788403,1,0.937683641,4.182923861
1,Organic,0.474198195,0,1,4.123284819
4,Direct,0.245653377,1,0.710341078,2.063405403
3,Direct,0.622614116,1,0.714383971,0.421250361
5,Paid,0.091171912,1,1,9.033040065
6,Organic,0.21443791,7,1,2.299828638
6,Organic,0.296693145,2,1,4.02973372
4,Organic,0.425551826,3,1,9.397374059
4,Organic,0.318214031,4,0.911939428,2.125564079
5,Paid,0.208292662,2,1,2.702707577
1,Organic,0.066625058,1,1,7.329865601
9,Referral,0.26771831,0,1,1.950059613
7,Organic,0.137906576,2,1,1.185222484
5,Organic,0.097396061,2,1,0.662854192
4,Paid,0.298528424,2,1,15.27774418
5,Direct,0.261426453,6,1,8.675913616
4,Referral,0.175444492,1,1,0.218927192
1,Paid,0.560390961,4,1,5.42036866
3,Social,0.315658745,2,1,9.181610398
7,Referral,0.085366136,0,1,3.098959491
6,Social,0.211630209,4,1,2.375374489
10,Organic,0.590171274,2,1,2.516002091
4,Social,0.442885423,2,1,8.286734015
5,Organic,0.729019064,3,0.807464482,1.569542784
6,Direct,0.305069468,1,1,1.597971773
6,Organic,0.323991658,0,0.906455951,1.57907885
8,Direct,0.200035989,0,0.741635884,0.126678625
4,Direct,0.381602221,4,1,2.454699278
3,Organic,0.138160317,3,1,7.519666599
3,Direct,0.06221773,1,1,4.517620226
9,Organic,0.384800642,0,1,4.973141644
7,Organic,0.529709955,0,1,4.086094249
2,Paid,0.128679362,1,1,2.762675601
2,Direct,0.168942374,0,1,2.86858136
4,Paid,0.315384982,2,1,4.169699529
6,Paid,0.608597859,1,1,2.168847911
9,Referral,0.035645664,3,1,1.467398688
11,Direct,0.087556538,3,1,2.348153776
4,Social,0.363312482,0,0.852436495,1.007076825
7,Organic,0.326318155,3,1,1.677029166
7,Organic,0.027053411,2,1,6.638585688
3,Organic,0.337420988,2,1,2.718704156
7,Referral,0.224216548,2,1,4.061434729
5,Organic,0.13911705,5,1,4.541280781
2,Organic,0.088319812,4,1,3.315598387
9,Social,0.196632147,2,1,5.935198757
6,Organic,0.311858452,5,1,1.938400727
3,Paid,0.287652664,1,1,4.189476221
6,Organic,0.439439346,1,1,1.315052517
3,Organic,0.155536024,2,1,0.229859754
2,Organic,0.279358116,2,1,1.84650737
8,Paid,0.59475389,0,0.857522498,2.86015828
4,Social,0.077719754,2,0.343664589,1.398357618
5,Organic,0.259273096,1,1,9.031336937
4,Organic,0.239397829,2,1,2.962171481
3,Social,0.245629467,0,1,5.103537226
4,Social,0.149166535,3,1,7.753619465
3,Social,0.228274051,3,1,3.355275997
11,Direct,0.540085384,2,1,1.943676716
6,Social,0.406959852,0,1,1.177187519
5,Paid,0.590495513,1,0.867616219,0.682661987
5,Social,0.442881542,3,1,5.447255671
5,Paid,0.245295603,1,1,5.882262926
3,Organic,0.264205838,4,1,7.975180224
6,Organic,0.544289802,1,1,7.04402132
4,Organic,0.134096096,1,1,9.70128077
5,Organic,0.201210728,2,1,5.91338323
3,Organic,0.325353689,2,1,3.78541993
7,Organic,0.216508742,2,1,2.255782293
3,Social,0.282316247,3,0.897896538,3.034358557
6,Direct,0.186555115,3,1,3.320067856
7,Paid,0.234838612,2,1,8.782333224
1,Social,0.095631588,2,1,7.198770264
6,Organic,0.216856988,1,1,1.620715678
4,Direct,0.2765028,1,1,4.216836409
2,Paid,0.218600291,1,1,5.191202248
2,Organic,0.136830957,0,1,4.800778579
5,Organic,0.243966451,2,1,2.432419124
5,Organic,0.155776394,3,1,3.19510358
3,Organic,0.117039081,3,1,6.408842255
5,Organic,0.375354137,4,1,2.556478474
11,Organic,0.079136736,4,1,1.389461929
2,Organic,0.204943372,1,1,5.118529117
6,Organic,0.288039924,6,1,3.020125557
5,Direct,0.345330234,3,1,6.903995903
3,Organic,0.683238418,1,0.705522655,3.412665935
4,Organic,0.343929208,2,0.650699634,0.102908269
10,Referral,0.077237151,4,1,4.044414241
1,Social,0.369448089,2,1,4.393643437
8,Organic,0.452196543,2,1,7.167126058
3,Social,0.269267353,1,1,1.746011434
5,Organic,0.225758026,0,0.83357028,2.236010886
4,Organic,0.277988429,1,1,1.797174379
11,Organic,0.355630988,1,1,6.830538607
3,Referral,0.417402902,5,1,1.228754813
4,Organic,0.261752995,1,1,5.245660068
3,Referral,0.390195532,2,1,1.652763706
3,Organic,0.069617784,1,0.919122055,3.220612641
8,Referral,0.173834387,4,1,0.743051374
1,Organic,0.18607011,2,1,4.98970283
5,Paid,0.091668958,1,1,2.892379178
7,Paid,0.281932058,1,1,5.634663643
3,Referral,0.333314111,1,1,4.910241559
7,Organic,0.519842489,4,1,2.326734227
5,Social,0.26552452,3,1,1.710609349
7,Referral,0.370553002,0,1,3.43175196
5,Organic,0.364036796,0,1,2.08235095
7,Direct,0.222855999,0,1,10.71673503
5,Referral,0.315667881,1,1,3.348669273
4,Paid,0.134933347,1,1,7.499378056
5,Organic,0.483225121,3,1,4.096955476
11,Paid,0.527233083,3,1,2.849958506
7,Organic,0.341812343,2,1,1.615457294
6,Paid,0.357139691,4,1,4.351573405
3,Paid,0.120347306,1,1,1.381755565
0,Referral,0.441664121,2,1,3.699365146
10,Organic,0.22064778,0,1,4.443160263
5,Social,0.38161989,1,1,2.756716975
5,Organic,0.230445419,1,1,5.63955697
3,Paid,0.286190059,2,1,2.160461192
4,Social,0.267019529,2,1,6.196473623
2,Referral,0.11463312,3,1,7.454386412
2,Organic,0.56885057,2,1,4.258929191
7,Organic,0.2697323,1,1,5.560523214
3,Organic,0.408347904,2,1,4.846905858
1,Paid,0.32428201,2,1,4.233456594
3,Organic,0.09219368,2,1,4.22522503
7,Referral,0.063898273,2,1,1.228158615
5,Paid,0.037336904,1,1,6.582763687
5,Organic,0.155597194,0,1,3.173374521
4,Organic,0.196887513,0,1,3.451759403
5,Organic,0.201593523,2,1,3.040784495
5,Organic,0.424762682,3,1,1.675768736
3,Paid,0.207344946,2,1,2.765682261
3,Paid,0.03313243,2,1,7.756455818
6,Social,0.185983828,5,1,1.828669941
6,Organic,0.037686627,2,1,0.225583215
4,Direct,0.412960137,2,0.562878357,0.670125272
9,Organic,0.675431309,2,1,2.458751806
6,Organic,0.293536966,3,1,0.566132477
5,Referral,0.393245576,2,1,1.758211481
5,Social,0.179487636,2,1,6.936113614
4,Organic,0.247643261,4,1,9.170584491
10,Referral,0.186412969,2,1,0.787049884
6,Social,0.624656973,1,1,2.980979881
2,Social,0.337603563,3,1,2.608252824
4,Organic,0.028792968,1,1,5.790953605
3,Social,0.218521117,2,1,2.014743292
2,Social,0.247622446,1,1,5.702744842
5,Referral,0.344513781,2,1,9.246031304
6,Social,0.267690645,1,1,13.68943989
5,Direct,0.24133426,3,1,0.474316042
10,Paid,0.33244561,2,1,3.912895492
5,Organic,0.349158024,2,0.884806882,3.507485288
5,Paid,0.343395616,2,1,6.925161644
4,Organic,0.335968368,1,1,7.86257709
4,Organic,0.095194403,3,1,3.316048891
3,Paid,0.40637359,2,1,9.927656398
6,Organic,0.247211303,2,1,2.967770557
4,Referral,0.356865827,2,1,1.57368289
2,Social,0.265851233,0,1,5.735960729
9,Paid,0.325251855,2,1,1.157766066
5,Direct,0.393257032,3,1,5.517503514
9,Organic,0.090979334,2,1,5.696601767
5,Social,0.188928425,4,1,6.916473761
5,Social,0.164286315,2,1,2.973164095
1,Organic,0.051200119,2,1,6.479966111
5,Organic,0.319541662,4,1,0.38390755
8,Organic,0.083293612,1,1,4.716308439
6,Social,0.57947604,2,1,3.824982869
2,Social,0.620899664,1,1,7.575048449
5,Organic,0.112529264,2,1,13.61465526
5,Paid,0.295527094,3,1,10.78251722
4,Organic,0.336163272,2,1,0.817514166
6,Paid,0.334977718,2,1,3.530392639
5,Direct,0.330713766,2,1,2.121120393
6,Organic,0.60326461,2,0.799695709,1.428473711
5,Direct,0.343151558,2,1,4.634242626
4,Social,0.169097685,0,1,1.841314495
7,Direct,0.333913789,4,1,4.03998825
5,Organic,0.255854601,0,1,2.684361654
7,Organic,0.110411827,2,1,4.705387302
6,Organic,0.109807925,1,0.985842256,2.084484108
4,Referral,0.252441044,0,1,6.742278267
8,Referral,0.409260398,1,1,2.853615687
4,Organic,0.263678431,3,1,1.813395949
3,Social,0.53115808,1,1,3.248230484
5,Organic,0.451491628,1,1,5.111094379
10,Organic,0.302435962,4,1,2.032039463
6,Paid,0.45616602,1,1,3.418235
4,Organic,0.337951805,3,1,3.085623562
3,Organic,0.391168496,3,1,1.410347465
3,Organic,0.017976743,3,1,6.540207333
5,Social,0.125009974,3,1,7.754137658
2,Social,0.344800151,1,1,5.104160427
6,Paid,0.171431124,1,1,8.802778389
2,Referral,0.28272689,0,1,2.486164336
5,Paid,0.348430237,1,1,2.660900463
2,Organic,0.426873042,1,1,5.001045592
6,Referral,0.019799488,1,1,1.844890192
3,Referral,0.472950623,4,1,0.600382054
5,Referral,0.2978066,0,1,7.516459464
2,Referral,0.139911845,2,1,1.992582077
6,Referral,0.260668194,6,1,7.347503766
6,Organic,0.414656129,3,1,5.570132213
7,Social,0.119070213,0,0.98774666,4.969958642
6,Organic,0.450683956,2,1,6.24121016
6,Social,0.518347759,2,1,2.394115272
4,Organic,0.252761828,2,1,7.38967523
4,Organic,0.126211565,3,1,9.965892335
7,Referral,0.176153067,0,1,7.295669483
5,Organic,0.325951288,5,1,1.464921589
5,Social,0.275452224,5,1,4.260066703
8,Paid,0.345600879,0,0.720768061,1.130111228
4,Referral,0.340203278,2,1,5.644779151
2,Organic,0.313481109,1,1,2.70520584
3,Organic,0.379432403,5,0.702785434,0.602693928
4,Organic,0.180148532,5,1,2.478843579
6,Referral,0.598354833,3,1,3.603001744
9,Referral,0.259386976,4,1,1.935114155
3,Paid,0.496403221,1,1,7.460322506
5,Direct,0.366931593,0,1,2.159173792
3,Referral,0.193603777,3,1,1.868697966
2,Direct,0.321365075,4,1,0.531464657
4,Organic,0.300501816,1,1,6.371559823
9,Organic,0.263835058,2,1,3.890281483
4,Organic,0.572960721,3,1,6.933823217
5,Organic,0.187329145,0,1,4.04899829
8,Paid,0.424285495,1,1,8.666665972
8,Paid,0.410334999,1,1,5.410699554
5,Paid,0.27148165,1,1,4.971894324
3,Referral,0.079999061,3,1,3.530154628
9,Direct,0.383777966,4,1,0.44735529
2,Social,0.219805855,2,1,2.05567889
8,Organic,0.099227301,1,1,1.699841191
7,Organic,0.334741924,4,1,3.471933997
6,Organic,0.098664056,5,1,2.438211664
9,Organic,0.333670862,2,1,6.782206626
3,Paid,0.408710051,1,1,6.241495328
6,Paid,0.214574757,2,1,2.86749538
7,Organic,0.521306515,1,1,3.89030056
7,Referral,0.228091474,1,1,1.962339229
5,Referral,0.640605795,0,1,5.442528618
5,Organic,0.184004528,2,1,5.020236739
1,Organic,0.465734538,2,1,10.43653859
7,Social,0.342926716,1,1,3.354205346
4,Paid,0.16718495,2,1,8.308488578
7,Organic,0.256940436,2,1,1.281164724
5,Organic,0.026442031,4,1,3.842829036
5,Organic,0.201002798,2,1,2.812136867
3,Organic,0.282543435,6,1,4.080773263
5,Social,0.192655962,2,1,4.541662677
5,Organic,0.091769111,0,0.910657201,0.933465059
4,Organic,0.297066887,1,1,6.793931683
3,Organic,0.189142524,3,1,6.787871828
3,Social,0.29645337,0,1,3.089149796
5,Organic,0.286869761,0,1,3.217205729
10,Organic,0.631107278,2,1,4.532645125
2,Paid,0.705635399,1,1,6.579452445
5,Paid,0.471661893,2,1,4.451741074
3,Organic,0.475716253,3,1,6.165049455
4,Organic,0.431743485,2,1,1.75726484
6,Social,0.478032567,0,1,8.524902479
3,Direct,0.618646353,2,1,2.425418992
4,Organic,0.092606715,2,1,5.05502632
4,Organic,0.256741366,1,0.978562354,3.550120926
5,Organic,0.333312467,0,1,3.920297832
8,Social,0.628110227,1,1,3.671376656
5,Paid,0.267842702,1,1,2.999590101
6,Social,0.079727782,0,1,8.967515643
3,Referral,0.403704567,1,1,1.56167817
4,Direct,0.027417203,4,1,2.7670995
5,Social,0.085261951,4,1,6.91278119
6,Social,0.515838062,2,1,6.87437441
7,Paid,0.207304517,5,1,4.210922156
5,Organic,0.194480042,1,0.954624504,1.796633145
2,Paid,0.38525511,3,1,4.202028417
6,Paid,0.210970935,3,1,1.841668395
4,Referral,0.400155152,3,1,1.377693794
2,Organic,0.375500462,1,1,3.836196361
4,Referral,0.283159102,0,0.654653077,0.796357859
2,Paid,0.260663921,3,1,8.220105932
3,Referral,0.373090538,2,1,2.148944178
4,Organic,0.117814606,2,1,3.00687182
7,Paid,0.272193398,2,1,2.073955907
5,Organic,0.121313665,3,1,1.262660355
5,Social,0.319155689,0,1,0.190798473
7,Paid,0.161968035,2,1,1.553836821
9,Organic,0.366318824,2,1,8.503792481
7,Organic,0.27422287,3,1,7.591828471
6,Referral,0.415024724,2,0.85586269,0.698398836
6,Organic,0.089230768,3,1,8.213530972
9,Direct,0.61533604,0,1,4.082688253
2,Paid,0.312452847,2,1,1.203954509
3,Organic,0.142016526,3,1,5.414502455
9,Referral,0.205887482,3,1,3.181636304
3,Organic,0.582373813,1,1,2.30930065
8,Social,0.559903238,2,1,2.46281022
5,Organic,0.452784925,1,1,5.27078863
4,Direct,0.093315764,2,1,5.743321678
9,Referral,0.114286917,2,1,1.787608823
2,Social,0.137383337,1,1,4.642438917
5,Organic,0.332121828,0,1,4.319798431
10,Organic,0.208949638,1,1,0.068515468
5,Referral,0.201164375,3,1,5.988554334
4,Referral,0.3762792,2,1,1.823728578
7,Organic,0.308509914,3,1,3.187003317
3,Organic,0.046695097,0,0.903537088,4.19306206
6,Organic,0.088796552,3,1,5.889094003
3,Referral,0.391854824,2,1,7.70817215
3,Organic,0.561637592,2,1,5.615400561
4,Organic,0.37903904,0,0.657731118,4.813500624
1,Organic,0.516385478,0,0.887873979,3.869994369
2,Paid,0.102481161,1,1,2.546246312
4,Organic,0.078697832,2,1,7.394133181
5,Direct,0.023435465,3,1,1.750777666
8,Organic,0.515381923,2,1,5.663944993
7,Direct,0.426977456,0,1,5.29198492
7,Paid,0.274349659,2,1,3.746355111
2,Organic,0.328271483,1,1,7.447491568
6,Organic,0.5692756,3,1,4.145950496
8,Referral,0.139676984,1,1,3.911168612
6,Referral,0.030190802,4,1,4.690626846
4,Paid,0.139937528,3,1,6.402000013
4,Organic,0.059808707,2,1,0.328570691
4,Direct,0.725325431,1,1,11.07541224
1,Direct,0.392727918,0,1,5.907398497
6,Paid,0.577319145,6,1,4.238077834
8,Referral,0.313740732,5,1,0.483464797
7,Paid,0.34575977,1,1,8.43242324
7,Organic,0.242038497,2,1,2.57983508
6,Organic,0.52526878,3,1,1.273983664
6,Paid,0.294517799,3,1,5.844368735
4,Social,0.097843212,8,1,2.026631355
3,Organic,0.431631561,2,1,7.055173056
6,Paid,0.293930873,3,0.950889965,0.820836498
3,Social,0.2946134,2,1,3.369811794
10,Organic,0.401361429,1,1,4.242693299
5,Organic,0.646391883,2,1,3.681597153
6,Social,0.69255316,1,1,1.917699797
6,Organic,0.619485238,0,1,3.641566684
4,Organic,0.354451103,2,1,0.546002894
6,Organic,0.4386649,4,1,4.215996772
5,Organic,0.198821806,1,1,2.609143553
3,Social,0.388464049,1,1,5.142598676
2,Referral,0.273912399,1,1,4.330010178
3,Paid,0.091961241,6,1,0.929537038
2,Paid,0.410663132,1,0.96824035,2.89379656
8,Direct,0.129297671,1,1,1.286938454
7,Organic,0.233362202,1,1,3.702190413
4,Organic,0.234760366,3,0.916388898,2.624259968
3,Direct,0.515884885,3,1,5.568310756
3,Direct,0.240826907,5,1,3.859289093
6,Organic,0.46551132,2,1,2.630837546
5,Organic,0.117722932,1,1,3.754019898
1,Paid,0.165858706,2,1,2.187169435
8,Organic,0.528365459,5,1,4.5891749
9,Referral,0.174931589,5,1,3.864829791
4,Organic,0.150244853,3,0.929452012,0.332826847
7,Organic,0.449508679,2,1,13.88265279
3,Paid,0.332728359,6,1,3.310659587
7,Direct,0.171888204,3,1,2.382783297
5,Paid,0.352745866,1,0.922174675,3.185406883
6,Organic,0.292218055,3,1,5.185204653
8,Direct,0.344086868,1,1,2.964311074
2,Paid,0.155863284,3,0.908468478,2.782074586
4,Organic,0.121921808,1,1,1.254665874
9,Organic,0.223826172,4,1,2.158186436
4,Organic,0.068012834,1,1,3.981381641
4,Paid,0.046692113,0,1,3.588964331
3,Paid,0.113980384,3,1,2.189102431
4,Organic,0.183856534,1,0.962272681,4.280078157
4,Organic,0.108750227,0,0.629990763,2.169669397
6,Organic,0.12882989,3,1,4.284501677
7,Paid,0.407093656,1,0.849981753,1.110684347
3,Organic,0.060121605,1,1,2.900586016
6,Organic,0.259721323,2,1,2.365593358
8,Direct,0.039872862,2,1,7.623073995
7,Paid,0.245981825,3,1,2.377260386
3,Organic,0.087288848,1,1,6.496031161
4,Referral,0.310411014,1,1,4.019969352
6,Organic,0.168936682,3,1,1.426578081
8,Referral,0.231050907,3,1,6.500456486
3,Referral,0.619717608,1,1,5.821393442
4,Referral,0.175148632,2,1,4.624260867
3,Referral,0.581071397,2,1,4.575273264
8,Organic,0.264998653,0,1,3.690304511
1,Referral,0.269398985,1,1,4.995924668
3,Organic,0.077148311,2,1,6.308064532
7,Organic,0.197304694,2,1,1.026282058
5,Direct,0.425523885,1,1,7.040877469
9,Paid,0.241474072,3,1,7.807379812
5,Direct,0.140817994,4,1,1.317407544
4,Organic,0.08610856,0,0.817101927,2.432555247
5,Paid,0.450803575,3,1,4.338799247
7,Organic,0.425274145,2,1,6.033240573
3,Referral,0.61487293,2,0.994498435,3.515315029
6,Organic,0.117149718,4,1,4.61220454
7,Organic,0.449655984,0,0.877770703,1.828706505
4,Organic,0.078964049,3,1,4.117416666
4,Referral,0.202479709,1,1,8.363161393
4,Organic,0.304050772,1,1,3.866233219
3,Social,0.429118481,2,1,5.506662868
4,Organic,0.085671293,2,1,2.018504085
2,Organic,0.612940349,1,1,1.730508748
7,Organic,0.270199753,0,1,10.56437726
6,Direct,0.118168019,3,1,4.372778695
7,Organic,0.34499304,5,1,5.856295955
5,Organic,0.515801486,0,1,7.317968459
4,Social,0.209543499,1,1,1.053341715
5,Organic,0.2562896,0,1,9.166247466
4,Referral,0.107965699,1,1,3.915379514
7,Organic,0.271048047,3,1,10.21838447
5,Paid,0.220007806,0,1,1.434935301
6,Organic,0.223617045,1,1,6.577595892
5,Paid,0.172517371,3,1,2.340681628
2,Social,0.047101883,1,0.859004339,3.11098325
4,Social,0.181852341,1,1,6.993846776
4,Paid,0.256015757,3,0.855241692,2.498128981
6,Direct,0.161131777,1,1,3.682884111
11,Organic,0.132499496,2,1,3.707890059
6,Organic,0.16866646,3,1,2.551275907
8,Referral,0.245271535,3,1,2.390425833
5,Referral,0.215159845,2,1,0.745119243
3,Organic,0.355190535,4,1,2.947961126
5,Referral,0.129491249,1,1,4.342289833
1,Organic,0.057675739,0,1,2.927794642
8,Referral,0.208391632,3,1,4.557206982
6,Social,0.466357663,2,1,15.48708465
4,Paid,0.207871567,4,1,6.807915677
7,Organic,0.497070744,1,1,3.637175185
1,Referral,0.607896644,1,1,5.90731732
7,Referral,0.070355622,2,1,5.936345778
3,Organic,0.305274388,1,1,0.473155938
9,Paid,0.714578607,3,1,8.886040074
4,Direct,0.448450628,2,1,3.662978097
2,Organic,0.462540745,4,1,4.377659838
4,Organic,0.172556496,1,1,0.408083359
6,Organic,0.176691403,1,1,4.635829517
2,Paid,0.312672509,3,1,4.047280223
1,Direct,0.421541215,3,1,1.904083902
7,Referral,0.273011869,0,1,2.690733089
7,Organic,0.467115344,2,1,2.126797139
6,Referral,0.554512443,3,1,2.368896137
8,Referral,0.059051194,2,1,3.785767838
7,Paid,0.515232083,0,1,5.291813218
5,Organic,0.492501,2,1,7.590219658
6,Referral,0.234195342,2,1,4.484768428
6,Paid,0.117580075,4,1,3.375498276
7,Organic,0.434453176,1,1,6.064113247
6,Paid,0.265270212,2,1,2.857985912
3,Direct,0.294651196,1,1,2.919372913
3,Organic,0.147058395,6,1,3.00868001
1,Direct,0.159827469,0,0.782298482,1.326299233
5,Organic,0.28560576,2,1,4.696597367
3,Referral,0.399518844,3,1,3.899989317
9,Organic,0.17932622,1,1,2.661398959
8,Organic,0.508936338,3,1,2.056232296
4,Paid,0.400606067,1,0.978950631,3.087430395
2,Paid,0.412827901,1,1,3.134729089
3,Social,0.67494359,2,1,6.768647664
2,Referral,0.138482584,1,0.688961702,2.397866894
4,Paid,0.414607726,3,1,1.905847307
4,Direct,0.581682769,2,1,9.596402788
5,Paid,0.197094186,2,1,3.066190482
8,Organic,0.22978676,0,1,3.557578956
6,Organic,0.439052017,2,1,7.62724937
3,Organic,0.393227011,4,1,4.892272825
5,Referral,0.098973552,2,1,3.697820895
6,Organic,0.323813737,2,1,8.494369459
3,Organic,0.045468841,2,1,2.584486542
8,Organic,0.457113917,3,1,4.645258794
8,Paid,0.179978638,4,1,2.527273902
5,Organic,0.424395433,4,1,7.652541275
4,Organic,0.129775424,1,0.907258821,3.899837754
2,Paid,0.267223947,2,0.920847556,0.162224197
6,Social,0.10468919,6,1,2.320079986
5,Organic,0.129848532,6,1,7.274261675
6,Paid,0.121329561,2,1,0.62143938
7,Organic,0.148481362,4,1,2.429740119
3,Direct,0.454620027,2,0.595445752,0.597210957
9,Organic,0.23346323,0,1,0.668727802
2,Direct,0.286623622,0,1,1.490851817
0,Direct,0.228474902,5,1,4.355336486
6,Social,0.055464583,1,0.923644091,1.303676063
4,Organic,0.380569005,2,1,11.52798876
6,Paid,0.531260839,0,1,4.847626989
4,Organic,0.178112534,1,1,3.646858763
5,Social,0.060373568,2,1,1.063168625
2,Social,0.165094418,0,0.506747141,0.742665651
5,Direct,0.304235349,4,1,2.919532227
4,Referral,0.085170052,1,1,10.48324902
3,Paid,0.46809269,2,0.791080888,1.314910238
5,Paid,0.159236284,1,1,0.963395622
3,Organic,0.065399361,2,1,6.725761862
3,Paid,0.073266407,2,1,6.588457264
4,Referral,0.303130607,3,1,4.141750496
8,Direct,0.225593421,1,1,2.194438192
5,Paid,0.197266927,2,1,4.98031512
4,Social,0.397300726,0,1,0.957864633
4,Social,0.345073138,1,1,3.685738843
4,Paid,0.324531679,0,0.705691295,0.589715782
4,Organic,0.246449058,4,1,3.506291891
7,Referral,0.447420536,2,1,6.881434054
8,Paid,0.1402389,1,1,10.6893614
7,Organic,0.18231298,5,1,2.283395573
3,Organic,0.606814964,1,1,4.327456845
6,Direct,0.175748559,3,1,1.998757121
6,Organic,0.606744106,2,1,5.051853566
4,Referral,0.067290678,1,1,6.356847003
6,Social,0.216059399,1,1,4.999269263
9,Referral,0.544501818,3,1,2.070945354
6,Paid,0.210745877,2,1,1.471940842
4,Referral,0.428389534,0,1,1.682743856
6,Paid,0.404587801,1,1,3.501575004
7,Organic,0.143225202,0,1,0.876334148
4,Direct,0.042960852,2,1,2.245409438
3,Paid,0.21968507,2,1,4.916652443
4,Referral,0.364267266,2,1,4.051324811
5,Paid,0.238233781,3,1,1.241465082
3,Organic,0.217926522,4,1,6.437025125
5,Direct,0.0399059,2,1,2.907952992
3,Social,0.303579615,2,1,7.602310792
5,Organic,0.309265827,3,1,2.017986756
5,Direct,0.717651271,3,1,2.110078024
5,Referral,0.439637126,1,1,6.297714088
6,Paid,0.229546098,0,1,0.972428017
6,Referral,0.08890919,2,1,4.99103744
6,Organic,0.231333935,3,1,0.584795041
5,Paid,0.342005756,1,1,1.833863739
7,Organic,0.253387907,2,1,2.326844514
3,Paid,0.386018709,5,1,4.807228534
5,Paid,0.395937865,5,0.902268799,0.227176218
7,Social,0.355651532,3,1,5.320568409
2,Referral,0.200005657,4,1,2.18355994
8,Organic,0.363850728,3,1,8.151208132
4,Social,0.457315909,4,1,1.911817525
2,Paid,0.270866911,4,1,1.891102758
5,Referral,0.045726325,7,1,0.831353816
5,Organic,0.079738208,1,1,3.592434486
4,Social,0.405458405,2,1,9.977815436
6,Direct,0.21009253,3,1,2.678701799
8,Social,0.673249728,0,1,3.676773623
4,Direct,0.084013315,3,0.686504577,0.624590105
3,Organic,0.274822478,2,1,5.251746095
6,Social,0.040707759,2,1,2.468613054
4,Paid,0.122493243,1,0.635766499,2.16964159
2,Organic,0.391021776,0,1,1.559381049
3,Referral,0.48604336,2,0.821474784,1.876248348
1,Referral,0.143488225,2,1,4.958674508
9,Organic,0.420501916,2,1,5.958808885
5,Organic,0.447290757,2,0.82959073,0.508047259
3,Organic,0.123285922,2,0.879241664,1.082672114
4,Organic,0.264553873,4,1,3.414649987
3,Organic,0.640308947,2,1,1.106803014
4,Organic,0.214737314,3,1,1.36244456
6,Organic,0.189744329,2,1,1.635208725
4,Direct,0.3047467,3,1,4.297486206
2,Social,0.083217898,1,1,7.666113086
6,Organic,0.131467261,5,1,2.77066242
3,Direct,0.429830093,2,1,3.510940806
6,Referral,0.469400323,1,1,4.926439722
2,Paid,0.525014418,5,1,1.658031888
8,Paid,0.238696863,3,1,4.59964403
3,Paid,0.23290231,2,1,10.70124688
6,Organic,0.361720557,2,1,1.394191278
4,Organic,0.309246656,2,1,4.384028095
5,Paid,0.432939062,2,1,3.5299285
6,Paid,0.298685852,3,1,1.33220588
1,Social,0.297354214,1,1,6.189268016
5,Organic,0.128606296,1,1,2.000294139
7,Referral,0.088984618,2,1,1.189835119
6,Paid,0.348789968,2,1,2.122893732
6,Direct,0.218959125,0,1,4.680731114
7,Organic,0.095085623,3,1,2.090078409
4,Direct,0.369939547,0,1,0.303633978
3,Social,0.59447252,0,1,10.39256813
8,Referral,0.158088964,2,1,6.630967651
4,Referral,0.249430605,3,1,3.827702722
5,Organic,0.172679185,0,1,2.309530554
5,Direct,0.205385241,1,1,2.470715458
3,Organic,0.236180577,3,1,1.419464755
9,Paid,0.180280099,1,1,3.511426392
8,Organic,0.337747101,3,1,13.1017075
6,Paid,0.055157793,1,1,2.999242421
3,Referral,0.328100166,1,1,5.499781595
5,Direct,0.180182245,2,1,1.79433705
5,Paid,0.135115826,3,1,3.791222908
5,Direct,0.183999644,0,0.918515776,2.00950028
3,Paid,0.549698113,1,1,3.373469032
7,Organic,0.332013727,3,1,7.946062333
3,Organic,0.419609466,1,1,4.165342444
0,Referral,0.12459563,5,1,7.74144437
6,Organic,0.135796635,1,1,7.932359789
6,Paid,0.452676352,1,1,2.590288205
4,Organic,0.353594686,5,1,9.217724025
5,Paid,0.17543121,2,1,4.379389438
9,Referral,0.053563872,1,1,4.150223524
5,Paid,0.299723516,2,1,1.977556563
4,Organic,0.250898313,1,1,6.827932458
3,Organic,0.205747343,1,1,4.617831932
6,Organic,0.213445624,3,1,1.881230254
2,Organic,0.522812175,3,1,4.962936051
6,Paid,0.326730382,3,1,1.184025979
6,Referral,0.182866969,1,1,1.126836188
6,Organic,0.205405196,2,1,3.276582855
5,Paid,0.637414976,3,1,2.420250184
3,Paid,0.436523696,2,1,2.56502266
4,Organic,0.304550668,0,1,7.679903233
4,Paid,0.341995915,1,1,3.753003661
5,Organic,0.546451649,1,0.807179877,2.415192106
4,Paid,0.599826511,1,1,1.256012526
4,Social,0.439566658,3,1,4.364215257
5,Organic,0.235495826,1,1,5.084662936
5,Referral,0.260372473,0,1,5.333400328
5,Paid,0.649049815,3,1,2.723776333
7,Organic,0.408519172,2,1,0.674956946
3,Referral,0.092141603,3,1,7.881332997
2,Paid,0.459311323,2,0.798351528,1.198254921
4,Paid,0.251689063,2,1,2.754811376
4,Referral,0.400943368,2,1,5.406629208
6,Social,0.114521688,5,1,4.687511271
3,Direct,0.322771454,0,1,1.705017876
5,Referral,0.266277713,2,1,11.77041037
5,Social,0.319642542,2,1,2.701509939
5,Organic,0.174692955,2,1,3.851562972
5,Paid,0.239871776,2,1,4.027801339
3,Organic,0.247697358,0,1,4.754937769
10,Organic,0.315357438,3,1,4.844595689
5,Paid,0.396161573,1,0.963958394,2.250475284
4,Referral,0.278134049,0,1,0.102496747
4,Paid,0.508117442,3,1,4.24509886
7,Referral,0.406161969,1,1,1.008315856
3,Paid,0.223846466,1,1,3.474143419
6,Paid,0.247897109,4,1,5.012865629
2,Organic,0.147544979,1,1,3.808265526
4,Organic,0.217055477,4,1,2.404854039
4,Organic,0.224550397,2,1,2.870268267
4,Referral,0.453154378,2,1,10.87521453
8,Organic,0.142945443,1,1,3.320565537
5,Organic,0.276850163,2,1,1.012378307
8,Referral,0.232690971,0,1,1.419355488
5,Paid,0.32184011,1,1,6.43571968
7,Paid,0.323819472,7,1,0.850059169
8,Organic,0.253749422,4,1,1.956763313
3,Paid,0.186107184,2,1,4.600349271
4,Social,0.637170994,0,1,3.230278394
6,Social,0.260869096,4,1,3.252520683
4,Referral,0.657824952,2,1,7.505771372
4,Organic,0.339417148,2,0.72809745,0.442690359
6,Referral,0.20149683,1,1,4.71029678
2,Organic,0.215797836,3,1,9.481496265
4,Organic,0.105208317,3,1,2.629227638
2,Organic,0.367161074,1,1,2.48602448
8,Social,0.046768183,2,1,4.172996058
7,Referral,0.329165577,1,1,3.18845116
2,Referral,0.146456612,0,1,5.28639563
5,Referral,0.29849452,4,1,2.885891879
6,Organic,0.297902311,1,1,3.578461975
7,Paid,0.155292964,4,1,0.906900992
7,Referral,0.19845493,3,1,3.499397754
7,Referral,0.482317615,1,0.673259701,3.068580119
6,Social,0.504348112,3,1,9.330936061
5,Organic,0.279626004,1,1,5.779129043
5,Social,0.388317071,0,1,4.013596729
8,Paid,0.582059611,2,1,4.597228195
7,Referral,0.269988203,0,1,3.252713018
4,Paid,0.11467969,3,1,3.10018259
5,Direct,0.51298022,2,1,5.281506723
8,Organic,0.122374954,2,1,1.872851029
5,Referral,0.131937928,2,1,2.138449864
2,Paid,0.39011813,4,0.545714998,0.650606255
3,Organic,0.134576452,0,0.811921478,2.645881105
7,Organic,0.067174133,0,1,3.220668961
3,Social,0.220278768,2,1,4.28050596
8,Organic,0.110886639,3,1,1.030438066
1,Organic,0.424903516,3,1,3.436886404
5,Direct,0.342495518,1,1,5.221372647
3,Referral,0.560271624,1,0.94993339,1.481409148
5,Organic,0.34862905,0,1,7.746799378
5,Paid,0.274059665,2,1,2.174493291
2,Paid,0.660417396,2,1,13.23233754
7,Social,0.248938603,4,1,8.902093019
2,Referral,0.08077609,3,0.854331291,2.062910999
4,Social,0.401971046,0,1,6.455193015
5,Organic,0.241075599,2,1,6.719267261
4,Referral,0.290916967,2,1,2.559096259
4,Organic,0.148753123,1,1,4.180110233
5,Organic,0.183684199,5,1,2.238174383
4,Referral,0.244735387,0,1,1.339127131
4,Organic,0.098124012,0,1,7.968969534
5,Paid,0.197219986,3,1,2.979776998
7,Social,0.267493859,2,1,4.330395962
6,Organic,0.412172583,3,1,7.607891075
6,Organic,0.10703913,3,1,6.85944309
8,Referral,0.185198739,1,1,2.44678762
5,Direct,0.123834445,4,0.772729202,1.890609247
2,Referral,0.274438934,4,1,0.404793497
4,Paid,0.181982105,0,1,6.306514257
6,Organic,0.115333911,3,1,3.220545764
3,Organic,0.355234981,5,1,1.175106603
3,Referral,0.392437567,2,1,3.11010656
5,Organic,0.265405765,0,1,9.132775394
5,Social,0.837278967,1,1,9.323700648
6,Paid,0.322082428,1,0.933345432,0.957236746
2,Paid,0.121396678,3,1,1.853071683
6,Social,0.379562401,1,1,9.508342455
4,Social,0.265678649,0,1,2.30957814
3,Referral,0.28508782,2,1,2.369930585
4,Direct,0.488563882,2,0.81232306,0.641850389
2,Direct,0.162970953,0,1,2.928984665
6,Direct,0.065051363,2,1,6.650157151
8,Social,0.17143415,3,1,0.63538309
5,Referral,0.286896594,0,0.912763812,1.369057709
6,Referral,0.132425454,1,1,7.420902775
5,Organic,0.390357058,2,1,5.22632968
5,Organic,0.361142007,1,1,2.136764719
6,Organic,0.139091445,0,1,15.11562814
4,Organic,0.262474245,1,1,5.131584712
4,Paid,0.669489073,1,1,9.482551429
5,Organic,0.420652684,2,1,3.317982821
5,Direct,0.233271993,1,1,1.98824141
4,Social,0.334995213,5,1,2.709862453
4,Organic,0.176551289,3,1,0.879569273
7,Organic,0.198601688,1,1,6.142262985
5,Social,0.802257273,2,1,2.608187884
4,Social,0.068404014,3,1,3.942621233
3,Direct,0.349861956,2,1,2.251743353
9,Direct,0.326500254,3,1,3.866064636
6,Direct,0.307208102,3,1,0.565035293
6,Paid,0.301468501,3,1,4.281419173
4,Organic,0.540633083,2,0.829870487,1.387694051
7,Social,0.212494942,1,1,2.513552505
6,Organic,0.335191785,2,1,2.223829331
6,Social,0.015749648,0,1,4.135313164
2,Paid,0.141649006,2,1,0.846277006
6,Social,0.302186941,2,1,2.204824031
4,Organic,0.124643593,1,1,7.486810212
7,Paid,0.350442089,2,1,1.159194907
8,Paid,0.357799994,2,1,0.760446461
6,Direct,0.340355542,2,1,1.88778593
3,Organic,0.242236038,4,1,1.629048659
4,Direct,0.227468283,2,1,10.70188101
5,Social,0.055135268,3,1,5.552082709
3,Referral,0.293834158,1,1,0.706960271
5,Social,0.367243392,3,1,2.718768739
8,Referral,0.300506093,1,1,3.898192482
8,Organic,0.338642694,2,1,2.609908538
5,Organic,0.057250197,0,1,0.311181881
5,Social,0.41965355,2,1,4.547310043
8,Referral,0.16102056,2,1,1.119087296
5,Organic,0.21739406,0,0.964732246,0.477716969
4,Referral,0.50423086,2,1,0.561243423
3,Paid,0.321009301,0,0.913663595,2.418289637
7,Organic,0.608011778,2,1,3.52496899
4,Paid,0.20701756,5,1,0.542662289
4,Organic,0.295688418,1,1,2.387569745
5,Organic,0.316809094,2,0.810643694,1.477053291
3,Paid,0.22200468,3,1,5.813268149
5,Paid,0.100999896,2,0.809897714,1.951613603
4,Organic,0.161462748,1,1,6.107592918
6,Paid,0.068501334,1,1,4.301921279
5,Organic,0.178419988,1,1,1.308718174
5,Organic,0.179698878,0,1,2.897928437
2,Organic,0.36170222,3,1,2.342613179
5,Organic,0.661555873,0,1,6.364394922
3,Organic,0.335286894,1,1,4.676892312
3,Social,0.111833377,0,1,3.258887872
5,Paid,0.510026391,2,1,2.93399408
4,Organic,0.311839631,2,1,2.66244256
3,Organic,0.047635299,1,1,2.504670041
4,Organic,0.835646341,2,1,4.169422852
2,Social,0.328178248,1,1,14.31739623
6,Organic,0.35085397,4,1,4.005218876
7,Organic,0.119451854,1,1,3.304762886
3,Paid,0.312139405,1,1,4.348363048
5,Paid,0.402376644,3,1,0.48407649
4,Organic,0.374759785,3,1,2.553475185
6,Referral,0.156211989,4,1,6.853153621
6,Organic,0.262044123,2,1,1.866165169
2,Organic,0.391937345,1,1,5.929602842
2,Referral,0.269100705,2,1,3.225950979
5,Referral,0.312257702,4,1,3.289001604
2,Referral,0.064204525,0,0.776896219,1.163764784
7,Organic,0.103470026,1,1,3.494912156
4,Paid,0.268906319,1,1,2.968230717
5,Organic,0.092792446,2,0.939656775,1.946997505
7,Referral,0.45825385,2,1,8.755762238
5,Paid,0.16629287,4,1,10.12761527
7,Organic,0.197911238,2,1,1.479002586
1,Referral,0.284713986,1,1,1.870749495
3,Referral,0.206891944,1,1,7.049401948
4,Organic,0.168900055,2,0.691845923,1.917938762
9,Social,0.466055489,1,1,4.124200192
4,Social,0.346316452,5,1,2.403570357
5,Organic,0.571460517,2,0.917607751,2.855294839
6,Direct,0.747843314,2,1,1.899478667
6,Paid,0.324060701,1,1,5.148339257
3,Referral,0.423648758,3,1,12.91064307
3,Social,0.239530066,1,1,3.268841044
5,Paid,0.377297019,2,0.858743633,4.051340115
7,Organic,0.443087152,0,0.754410753,3.550982153
6,Direct,0.154717118,0,1,0.54818312
6,Organic,0.147564156,4,1,2.216215706
4,Organic,0.082389091,0,1,1.435476746
7,Organic,0.295047782,0,1,5.228405558
4,Social,0.183374857,1,1,1.772575521
8,Direct,0.420645197,2,1,6.731328389
5,Organic,0.683515867,3,0.614752609,1.241532296
5,Social,0.273651291,1,1,5.786985519
4,Organic,0.058656546,2,1,1.209192087
5,Direct,0.452184212,4,1,3.969853287
2,Paid,0.244598051,2,0.817898198,1.690752647
3,Organic,0.197055793,1,1,1.792477551
7,Organic,0.176214393,1,1,11.73366226
5,Organic,0.070533628,1,1,1.509452968
6,Organic,0.450930794,2,1,3.288657566
7,Social,0.558490025,2,1,6.284192002
2,Organic,0.344392302,1,0.910942166,0.612689575
7,Direct,0.359097568,0,1,4.481664644
5,Referral,0.067709288,2,1,10.04452973
5,Referral,0.095129281,2,1,1.326423896
7,Organic,0.378185433,2,1,2.534594122
6,Social,0.099563689,2,1,2.214089108
5,Referral,0.43236043,2,1,6.540693358
0,Social,0.505158035,1,0.924239965,2.817861373
7,Direct,0.490202043,1,1,6.301324712
5,Organic,0.23078334,3,1,9.312487542
5,Organic,0.472242245,1,1,9.936690386
6,Social,0.515677686,2,1,10.57907056
8,Social,0.230143492,2,1,1.766376396
4,Paid,0.095398127,2,1,8.782301276
6,Organic,0.47213032,5,1,5.35717259
4,Referral,0.186563321,0,1,4.904714282
1,Organic,0.227060424,2,1,3.729052233
3,Organic,0.43698338,4,1,3.631839261
4,Paid,0.486673998,1,1,3.026816281
5,Organic,0.158334669,2,1,2.733947022
4,Paid,0.448395947,1,1,2.824302909
5,Direct,0.402563596,1,1,1.234200065
2,Social,0.278151383,1,1,7.022030425
2,Direct,0.195602574,0,1,0.963559676
5,Social,0.238171971,0,1,10.92763109
5,Organic,0.348012979,2,1,0.76784038
5,Social,0.17655112,0,1,1.934807412
6,Direct,0.430379853,2,1,4.515793753
4,Direct,0.57833758,1,1,2.93472721
9,Referral,0.085898303,0,1,4.813367891
7,Organic,0.136124741,6,1,2.303741676
2,Organic,0.204975956,0,1,2.346601285
3,Organic,0.138219809,2,1,2.433803069
4,Direct,0.332192092,2,1,4.588821762
6,Paid,0.343951072,2,0.996212267,3.686212337
7,Social,0.240964295,1,1,3.880186137
4,Paid,0.181135335,2,1,15.10229463
5,Referral,0.227152274,1,1,0.522096592
5,Organic,0.153853622,2,0.760936201,2.439181853
3,Organic,0.67739512,2,0.995001474,1.113399547
3,Paid,0.241810402,3,1,3.659212315
7,Referral,0.316591502,1,1,5.524352505
3,Organic,0.58390051,2,0.78694414,1.711738111
8,Social,0.112443484,1,1,0.360481586
8,Organic,0.167925577,2,1,5.39305339
5,Social,0.100725548,3,1,1.330639294
5,Organic,0.451785329,3,1,1.765709674
3,Referral,0.324227987,0,0.956887611,1.681716632
3,Organic,0.055544611,5,1,2.182729277
6,Social,0.395741965,4,1,2.72536132
5,Paid,0.148014161,0,0.837490254,2.985395295
4,Referral,0.44894299,2,0.99000403,1.497354759
6,Direct,0.343812559,3,1,1.898146624
3,Organic,0.28964225,1,0.655658909,0.562234198
12,Organic,0.421692837,5,1,4.644506566
1,Social,0.24909422,3,1,4.534433228
6,Referral,0.043808841,1,0.940200379,1.230934324
1,Organic,0.365672082,1,1,6.359250967
6,Paid,0.040705753,2,1,2.274324332
1,Organic,0.503357737,4,1,1.70333842
4,Organic,0.167771109,2,1,0.859242995
3,Paid,0.296787514,1,0.819756125,1.019603097
3,Social,0.416302695,2,1,1.671462391
5,Paid,0.225150048,3,1,7.29962766
5,Paid,0.012382384,1,1,1.668511626
5,Social,0.208967482,2,1,4.847360579
9,Organic,0.133286961,5,1,3.815694545
3,Referral,0.287699397,0,1,6.428263833
3,Social,0.2262997,2,0.896291195,0.203324897
6,Organic,0.194686587,0,1,1.151136562
6,Organic,0.234235823,0,1,4.680635891
3,Direct,0.35809214,0,1,6.360849381
7,Direct,0.282092575,2,1,7.1254918
4,Organic,0.191027522,1,0.912393477,2.424129648
1,Organic,0.554017501,3,1,1.722790675
7,Organic,0.12090911,2,1,8.531933773
7,Organic,0.739011976,2,1,2.858066016
2,Paid,0.20682367,2,1,0.882820176
5,Referral,0.561995917,5,1,3.560070817
6,Social,0.293022963,4,1,2.447807476
9,Organic,0.065585197,4,1,1.678432497
3,Social,0.452605812,1,1,2.888433112
4,Organic,0.205132421,0,1,2.46213375
10,Organic,0.661316684,2,1,0.84672808
4,Paid,0.552452183,7,1,3.388930482
4,Organic,0.303763975,1,0.992346003,1.381290583
4,Organic,0.093807305,1,1,2.712644298
7,Social,0.271110181,2,1,9.283642653
8,Organic,0.100182511,1,1,7.425619511
6,Referral,0.286297489,1,1,9.479162631
6,Organic,0.642082021,0,1,6.617410058
3,Organic,0.126757439,1,1,1.724489138
5,Paid,0.169856564,0,1,14.68715848
6,Social,0.526018052,2,1,1.124477642
2,Paid,0.254250988,6,1,6.413697236
8,Referral,0.256233422,1,1,1.023664456
5,Direct,0.237995449,7,1,1.599033104
4,Social,0.162324766,1,1,5.620035222
4,Organic,0.29845907,2,1,3.479428989
2,Referral,0.179201513,1,1,1.4273275
5,Paid,0.078620093,4,1,3.268851623
5,Referral,0.347935133,3,1,3.433190142
4,Paid,0.325544988,2,0.895230008,3.277969559
2,Organic,0.284498351,1,1,8.601250181
4,Paid,0.255696861,3,1,1.247634917
4,Paid,0.26633943,3,1,2.364237871
1,Paid,0.47422933,2,0.850498264,0.46076842
8,Social,0.065283961,2,1,3.304261866
4,Social,0.071460783,3,1,5.586321743
10,Paid,0.662333806,4,1,6.476396367
6,Paid,0.70560553,3,1,0.871285264
3,Paid,0.302565311,3,1,3.868053564
6,Paid,0.488509179,4,1,7.265225481
4,Direct,0.198376404,3,0.862757235,1.703300332
3,Referral,0.53073831,2,1,17.41481753
2,Organic,0.107628586,2,1,4.487307678
3,Paid,0.287686834,3,0.961083374,0.230616508
5,Referral,0.196820178,2,1,2.647581601
3,Referral,0.019408604,1,1,2.334552369
4,Paid,0.083965183,2,1,2.887172901
3,Organic,0.210760772,1,1,8.417025191
6,Organic,0.216722463,0,1,4.588564581
5,Organic,0.284511569,1,0.65921454,0.990634421
5,Paid,0.515046668,1,1,3.882473911
4,Organic,0.150828728,2,1,6.184212508
4,Social,0.205809885,5,1,0.354857911
6,Organic,0.364501,1,1,1.576512258
4,Direct,0.224970288,2,1,5.196217822
6,Organic,0.313867079,1,1,10.37711062
4,Organic,0.240289611,4,1,0.943752359
5,Paid,0.542647926,0,1,5.640220447
5,Organic,0.407785534,1,1,8.484251039
4,Direct,0.403054122,3,0.675779865,1.953559679
5,Organic,0.0765522,1,1,6.023603798
3,Paid,0.154472875,1,1,2.360066544
4,Direct,0.510604218,2,0.997793345,3.041126565
6,Organic,0.313530938,0,0.945633017,4.166487036
6,Organic,0.317715594,1,1,7.805932837
1,Organic,0.109644853,3,1,12.5211179
3,Paid,0.061838793,3,1,2.197346548
4,Organic,0.687086538,3,1,1.319019981
6,Paid,0.23621677,1,1,7.591993093
4,Social,0.575649977,3,1,5.676443681
3,Social,0.572912564,0,1,4.511488883
14,Organic,0.300452014,3,1,6.34324152
5,Organic,0.092456806,3,1,2.39413986
4,Organic,0.185461329,1,1,4.548935075
5,Paid,0.474387354,1,1,8.903024233
5,Organic,0.187959423,4,1,1.972573348
7,Social,0.637124888,0,1,6.041680912
7,Referral,0.078320951,4,1,2.643504565
7,Organic,0.554206066,1,1,7.376043056
2,Referral,0.233226503,3,1,8.37182295
5,Organic,0.333436967,1,1,3.110884521
3,Organic,0.392705613,2,1,4.068826379
7,Organic,0.315183817,1,1,1.698235175
2,Organic,0.105165437,1,1,4.845056915
6,Referral,0.439527001,2,0.760157061,0.910425726
4,Paid,0.456203154,2,1,4.795266089
8,Organic,0.331154671,1,1,5.392066413
5,Direct,0.073245467,1,1,3.901586833
1,Paid,0.298140231,4,1,1.83114939
2,Organic,0.197487282,1,1,8.257151214
3,Organic,0.090703417,2,0.963940357,1.816772724
6,Paid,0.166657042,2,1,9.279143822
8,Direct,0.576607595,0,1,3.828395053
4,Paid,0.296214643,2,1,12.64307642
3,Direct,0.378774407,0,1,6.601897042
6,Paid,0.358134402,1,1,1.901822358
6,Paid,0.233800644,2,1,5.391418659
8,Paid,0.157955825,3,1,6.203610172
6,Referral,0.212236123,0,1,4.123049748
6,Organic,0.383579822,1,1,3.380418387
5,Social,0.628048223,2,1,8.583998403
4,Organic,0.085349987,0,1,1.671545723
5,Paid,0.167142834,3,1,3.741516407
5,Paid,0.327990914,1,1,24.7961822
6,Referral,0.281032714,3,1,3.82613946
11,Organic,0.489624797,4,1,3.740790719
8,Paid,0.304964958,3,1,0.989215744
7,Paid,0.407334807,1,1,8.276178829
7,Referral,0.495834097,3,1,7.546159835
4,Social,0.353892833,1,1,2.666887145
8,Referral,0.44603088,1,1,8.515249985
6,Organic,0.593749612,1,1,2.443195743
2,Direct,0.203673765,3,1,2.632906764
4,Social,0.394003186,0,1,3.789932687
0,Organic,0.058217436,2,1,1.838453747
6,Organic,0.165364852,0,1,2.132960383
0,Organic,0.430782512,3,1,5.685453475
7,Paid,0.509689946,5,1,0.975297423
9,Social,0.107551314,2,1,3.819828916
7,Social,0.30961451,1,1,5.511827993
2,Social,0.729432689,3,1,5.038768766
4,Organic,0.422442405,2,1,8.249008601
8,Paid,0.05931114,2,0.935172481,1.114892629
5,Organic,0.419771962,2,1,0.574362692
5,Organic,0.11457234,3,1,2.067367461
6,Referral,0.263117737,4,1,10.58489758
2,Organic,0.178023466,1,1,3.009681921
4,Referral,0.11712757,1,1,5.749865464
7,Referral,0.171871943,3,1,5.516488537
3,Social,0.228181676,0,0.777858361,1.998191439
6,Organic,0.328283177,3,1,1.127800902
2,Social,0.308205055,1,1,2.312700308
8,Direct,0.421735241,0,1,4.711439829
10,Social,0.387209291,1,1,3.636124875
5,Social,0.341981091,0,1,3.948249045
4,Referral,0.050795161,0,1,1.781472509
4,Paid,0.296372963,2,1,3.745868755
8,Referral,0.138000867,2,1,0.925199005
9,Referral,0.284459472,1,1,2.320585051
7,Referral,0.098759935,0,1,1.135458161
7,Social,0.398810167,4,1,3.831147165
3,Paid,0.536318331,1,0.946651116,3.011421331
8,Organic,0.08969881,3,1,2.064079759
7,Paid,0.315714796,1,0.942522352,1.619162945
2,Organic,0.415143153,0,0.823195749,2.649349859
5,Organic,0.345160211,0,1,2.164916915
7,Organic,0.089244364,1,1,4.398626959
6,Organic,0.200732457,2,1,7.055221624
1,Social,0.202370147,1,1,5.243938107
3,Paid,0.434712768,2,1,5.66385038
4,Organic,0.296329493,2,1,0.203729253
4,Paid,0.391937656,2,0.766227525,3.402917367
3,Organic,0.362638257,1,1,3.936472859
7,Paid,0.288497963,3,1,6.297763152
9,Paid,0.226629402,1,1,6.732804566
4,Direct,0.158598049,2,1,8.139851755
3,Organic,0.08108591,0,0.945315178,2.202719565
4,Referral,0.072548107,5,1,2.424077722
4,Social,0.280954631,3,1,0.157287943
6,Direct,0.477524793,6,0.838966442,1.270127901
3,Organic,0.305929359,1,0.7859149,4.468892583
10,Paid,0.364908304,1,1,3.994320046
5,Organic,0.291792911,1,1,4.329234917
5,Paid,0.041097643,0,1,4.279442541
3,Organic,0.285819513,4,1,0.86878754
2,Social,0.315374744,0,1,6.906662705
7,Organic,0.516488852,2,1,2.98503291
5,Paid,0.592123307,4,1,3.927504029
4,Paid,0.258757251,3,1,5.682137908
6,Direct,0.470225106,2,1,11.05834852
5,Referral,0.448272776,1,1,5.494677287
4,Organic,0.153044437,2,1,1.770549998
7,Organic,0.09941665,2,1,12.72992129
4,Organic,0.24204077,1,1,3.457771656
2,Social,0.19503432,2,1,3.571840575
3,Referral,0.341934693,2,1,8.314310019
8,Referral,0.414676387,0,0.693279713,1.140004325
5,Organic,0.219927433,0,1,4.927557727
6,Social,0.335755098,5,1,6.05373795
2,Referral,0.17552083,1,1,3.184078262
3,Direct,0.133738165,7,1,6.014629283
3,Paid,0.082564576,1,1,10.77966016
7,Organic,0.044718463,4,0.669878687,0.69727495
5,Organic,0.080857735,2,1,1.719167876
2,Organic,0.229071183,0,0.732959849,0.33147152
2,Referral,0.179648608,4,1,1.08944666
7,Referral,0.18709468,2,1,2.791562342
8,Organic,0.621586333,2,1,2.408899168
4,Organic,0.544430296,1,1,2.161889796
4,Organic,0.364709011,0,1,8.252444718
4,Direct,0.262971494,1,1,8.433840559
3,Organic,0.207953686,3,1,9.743993191
4,Organic,0.468799929,2,1,3.805517302
6,Organic,0.469575867,4,1,15.0461243
5,Paid,0.28132351,0,1,5.039042027
5,Referral,0.172480511,0,1,4.600367402
3,Social,0.281209137,3,1,4.874991223
6,Organic,0.191368706,1,1,5.032255223
4,Referral,0.082472633,4,1,2.550217305
2,Organic,0.424134886,3,1,5.604855302
5,Direct,0.289119638,3,1,7.953131731
7,Organic,0.084349897,1,0.894181049,0.569367516
8,Organic,0.386914114,5,1,4.402427888
0,Paid,0.062331228,1,0.402910416,0.266101672
5,Organic,0.119154524,1,1,7.0022487
4,Organic,0.433882745,2,1,4.181728826
6,Referral,0.257315918,0,1,3.584583768
4,Referral,0.355435507,1,1,0.17734808
7,Paid,0.368007405,1,1,2.258701883
2,Referral,0.569476508,0,1,2.506647161
3,Paid,0.350412457,5,1,6.86442543
3,Referral,0.036968649,4,1,2.814776115
5,Paid,0.395415935,0,0.902094846,3.058708856
6,Referral,0.318129385,1,1,6.552232335
9,Organic,0.394622777,2,1,12.92470262
6,Organic,0.083264623,3,1,3.322032
7,Paid,0.178174963,3,1,9.217138901
2,Paid,0.382190065,4,1,10.73565577
2,Social,0.19654379,4,1,0.974148673
8,Organic,0.676321085,2,1,1.777829969
8,Organic,0.396964661,1,1,17.13063475
8,Organic,0.126302817,5,1,6.717051229
7,Organic,0.198367213,1,1,1.328071504
6,Referral,0.27567898,6,1,9.695354593
2,Paid,0.263536245,3,1,11.61178949
7,Referral,0.209419825,1,1,3.930401886
6,Paid,0.379035351,1,1,6.115842678
5,Social,0.447259909,2,1,4.769211238
6,Direct,0.34867161,4,1,8.85497598
4,Referral,0.324633203,1,1,1.697770403
4,Social,0.214002952,1,1,2.364549323
4,Paid,0.076194183,4,1,6.836354455
5,Direct,0.091465335,0,1,6.91972968
4,Social,0.268358507,1,1,6.823329884
7,Direct,0.470948341,3,1,5.316101097
2,Referral,0.477664692,2,1,7.92109147
4,Social,0.265112199,0,1,9.829091758
1,Paid,0.169469643,1,1,8.98928422
6,Organic,0.600134337,2,0.981926574,2.621451885
1,Organic,0.275731641,1,1,3.194726141
6,Social,0.140037295,0,1,4.378638826
6,Organic,0.436048102,1,1,1.847799423
0,Paid,0.190470879,3,0.715772745,2.704308273
6,Organic,0.31344101,0,1,3.934210935
1,Organic,0.066358791,3,1,2.759507083
4,Social,0.186114045,3,0.921435233,1.981211251
6,Social,0.461776793,2,1,3.090968698
7,Paid,0.141839992,1,1,11.50898232
6,Organic,0.091984446,4,1,12.14598649
3,Paid,0.398986412,1,0.755371172,1.688699104
7,Paid,0.513167348,3,1,0.816829906
6,Organic,0.250562913,1,1,3.783863044
5,Organic,0.143561306,3,1,1.182876005
7,Paid,0.345459632,2,1,1.691294289
4,Organic,0.12680539,2,1,5.282715298
7,Referral,0.16875597,3,1,2.433544863
1,Organic,0.528245278,0,1,9.620062225
2,Paid,0.4350887,2,0.920645723,2.153414551
2,Organic,0.468025828,3,1,4.910747191
6,Direct,0.242261699,2,1,12.07878624
8,Paid,0.512542746,4,1,2.423552109
6,Organic,0.114126493,5,1,0.968704089
0,Paid,0.256594314,3,1,1.518302521
10,Social,0.23690935,0,1,10.88130389
2,Social,0.048278632,0,1,2.000575885
5,Referral,0.293049923,1,1,1.19743528
8,Organic,0.143379613,3,1,6.731143526
5,Referral,0.457488757,1,1,1.155500015
4,Social,0.343003358,1,1,4.065204143
3,Paid,0.493953108,3,0.751203136,0.991446811
7,Social,0.505088919,3,1,2.855861308
7,Organic,0.411670232,0,1,8.286452267
3,Organic,0.14278639,2,0.915557152,2.311164956
3,Social,0.295317562,2,1,1.025654025
2,Referral,0.176519417,3,1,3.598284795
2,Organic,0.152778675,1,1,5.483059836
7,Organic,0.107835501,1,1,3.228410232
4,Social,0.258657224,1,1,12.39653766
1,Organic,0.163281248,1,0.97287718,1.598479395
3,Organic,0.345919843,4,1,2.579765549
10,Organic,0.409890632,2,1,3.05677529
3,Direct,0.055892473,2,1,4.489632363
6,Direct,0.239649146,4,1,1.532582715
4,Paid,0.086004831,2,1,2.382671424
5,Paid,0.486140948,1,1,2.266492467
3,Organic,0.504179918,1,1,1.459552264
7,Organic,0.189051403,8,1,3.044557703
5,Social,0.13703744,0,1,5.415000123
2,Organic,0.48750479,3,1,0.908001421
6,Paid,0.605859588,4,1,3.442923151
3,Referral,0.270556642,4,1,3.932851884
2,Organic,0.105783719,2,1,3.868783639
7,Paid,0.130516172,2,1,14.63294927
6,Paid,0.166300095,2,1,3.966855226
3,Referral,0.250705452,4,1,2.818399898
5,Organic,0.288371788,2,0.960540973,2.012481449
7,Organic,0.389893243,1,1,2.286196258
4,Paid,0.074132566,2,1,1.702113688
4,Direct,0.252496601,2,1,2.075446316
3,Organic,0.077248642,2,1,2.480493346
6,Direct,0.100357596,0,1,2.973886742
4,Referral,0.310611212,1,1,5.001229434
5,Social,0.218931917,7,1,1.890818883
7,Organic,0.210831967,1,1,1.907207714
4,Organic,0.300859028,3,1,3.739580712
3,Organic,0.355590721,1,1,3.745836204
1,Organic,0.173133023,3,1,2.217642311
5,Direct,0.194368064,5,1,1.000240431
8,Organic,0.36600832,1,1,6.514358879
5,Paid,0.306923377,1,1,4.663702605
5,Organic,0.620690816,3,1,3.44139619
3,Referral,0.206583518,3,1,5.819222599
3,Organic,0.475013904,3,1,0.681750441
6,Organic,0.403474172,1,0.776587463,0.535191414
5,Organic,0.326062254,2,1,3.256957151
7,Social,0.386548648,4,1,5.313231484
6,Organic,0.536770467,3,1,3.18280481
8,Organic,0.073206944,4,1,0.672672262
8,Organic,0.024740654,4,1,5.318146855
8,Direct,0.125698187,2,1,1.901185326
9,Paid,0.14212603,1,1,6.945976135
5,Referral,0.43161334,2,1,14.10801104
3,Referral,0.333058214,2,1,0.718210553
4,Organic,0.375775975,1,1,1.369961192
5,Paid,0.230636541,2,0.880943969,2.679479767
6,Organic,0.185064119,9,1,3.549525327
7,Paid,0.272702672,2,1,6.432024875
4,Paid,0.165100828,3,1,3.135185866
6,Paid,0.373786332,2,1,1.306449439
13,Organic,0.371030159,1,1,4.378442356
3,Organic,0.218823674,1,1,1.386667078
7,Social,0.203047373,1,1,2.026297987
7,Referral,0.095141081,2,1,6.911043021
2,Organic,0.21546065,2,1,1.860850804
5,Organic,0.475560194,1,1,1.424209244
2,Social,0.469553698,4,1,2.131830945
4,Social,0.205617716,0,1,4.829336954
3,Direct,0.040761794,1,1,0.496395836
3,Organic,0.332495241,4,1,4.352241399
1,Paid,0.155264516,2,1,3.074609998
7,Organic,0.44057986,2,1,1.882008936
4,Referral,0.317596851,2,1,3.101314437
9,Organic,0.544375238,4,1,2.80833478
4,Organic,0.362087307,3,1,2.621696689
6,Organic,0.277254824,4,1,2.998505044
3,Referral,0.109601325,3,1,2.891413938
8,Paid,0.200748565,1,0.805018894,1.623742306
6,Referral,0.375028163,1,1,2.236879578
5,Social,0.366438088,4,1,4.199388635
3,Referral,0.225815466,1,1,0.904411693
11,Paid,0.167470623,0,1,3.499586872
7,Direct,0.560007431,0,0.724308193,1.056499579
6,Paid,0.060893708,4,1,3.343325101
6,Organic,0.091902641,1,0.850943463,0.851148568
6,Direct,0.224223004,1,1,1.751810983
6,Organic,0.678911814,2,1,3.782121989
5,Paid,0.406592919,3,1,2.703015402
8,Organic,0.388811709,3,1,3.067598662
6,Paid,0.411940994,2,1,1.455921495
8,Paid,0.726512812,3,1,5.576955741
13,Organic,0.350651307,0,1,2.75719589
4,Paid,0.093090335,1,1,2.481733264
1,Social,0.493946076,2,1,3.170611081
4,Organic,0.088831163,2,1,0.438068214
2,Organic,0.070492628,2,1,2.783532212
7,Organic,0.353406554,3,1,3.249511185
4,Social,0.092592168,4,1,1.701099775
5,Referral,0.147714044,1,1,6.044376567
8,Social,0.59292859,2,1,0.822736307
6,Organic,0.408857428,1,1,5.569229622
5,Organic,0.045547284,5,1,7.458477657
2,Organic,0.142680619,1,0.942110169,4.522021453
6,Organic,0.266785912,2,1,1.808677134
5,Paid,0.141005543,0,0.953018848,3.581229796
6,Direct,0.341227961,2,1,1.435362161
3,Organic,0.288598852,0,1,10.34502843
6,Direct,0.269526439,3,1,2.628835583
6,Organic,0.344988655,3,1,1.482999814
4,Direct,0.164515433,1,0.898997725,0.246517205
7,Organic,0.19406879,4,1,3.041262154
4,Direct,0.3321123,3,1,6.575329462
0,Organic,0.734401799,1,0.853629698,4.403389039
9,Direct,0.470214057,1,1,6.029770955
1,Organic,0.326931502,2,1,11.30861598
6,Organic,0.174192821,3,1,3.136047808
4,Paid,0.412133945,4,0.818168285,2.655321661
5,Organic,0.147815554,4,1,12.63093005
6,Referral,0.094117742,6,1,3.618283461
8,Direct,0.070278998,3,1,0.96227008
4,Referral,0.314751717,1,1,1.805208644
5,Referral,0.644108617,1,1,12.23751104
10,Organic,0.253626071,3,1,4.073350324
5,Referral,0.208725683,2,1,6.646094278
7,Paid,0.338720868,3,1,1.302481671
6,Social,0.159577303,1,1,6.624083208
4,Organic,0.071831829,3,1,2.471168428
3,Referral,0.071639425,1,1,6.812315074
5,Organic,0.262511365,1,1,9.756247089
4,Organic,0.634385144,4,0.640832067,1.745551726
4,Organic,0.275661439,2,1,5.340906834
5,Organic,0.179034055,0,1,3.794985168
2,Organic,0.38166011,0,1,2.217616894
7,Organic,0.108402982,3,1,1.891189556
3,Social,0.477877091,0,1,3.617972663
5,Organic,0.383213925,1,1,1.537939022
6,Social,0.337696916,1,1,2.939606472
8,Organic,0.406891257,4,1,5.624812899
5,Organic,0.17377312,4,1,0.895331196
3,Paid,0.229190537,4,1,1.38586201
3,Paid,0.206818891,1,0.852560836,1.748451928
5,Paid,0.526988165,2,1,4.476904278
7,Paid,0.330559521,2,1,6.143851317
5,Organic,0.164468159,0,1,3.541206755
5,Referral,0.0472596,2,1,5.399914754
10,Paid,0.231369807,3,1,4.221255423
2,Organic,0.362228204,1,1,10.41820123
6,Social,0.396490848,3,1,1.208185335
7,Referral,0.367544202,0,1,1.162461343
4,Organic,0.327767659,1,0.559570046,0.23590877
11,Social,0.297262974,2,1,0.877513103
5,Direct,0.343531631,1,1,1.755400445
4,Paid,0.251317056,3,1,3.392886868
1,Organic,0.446534352,1,1,3.402744624
11,Direct,0.128721056,5,1,4.487820567
3,Organic,0.124341049,1,0.753399106,3.143577265
2,Organic,0.167144348,0,1,3.315034484
7,Organic,0.295557053,0,1,4.484790205
5,Referral,0.159120602,3,1,9.452927983
1,Direct,0.416897082,0,1,7.570280229
6,Referral,0.060621879,5,1,1.011290535
4,Direct,0.465508671,0,1,11.6761961
9,Organic,0.353502416,0,1,12.68274634
4,Organic,0.535167502,1,1,1.011122936
9,Referral,0.403695978,2,1,2.612284941
5,Direct,0.170911774,4,1,3.875403507
2,Paid,0.23556251,1,1,4.986406657
8,Organic,0.219611909,3,1,1.371588472
2,Organic,0.434552894,3,1,0.727407395
7,Organic,0.323688896,1,1,7.321705643
9,Organic,0.036194851,0,1,5.524155266
3,Organic,0.09431997,1,1,3.227308197
3,Direct,0.287151075,3,1,2.686578678
6,Paid,0.447904776,0,1,6.055219731
7,Referral,0.466510018,0,1,1.158027034
2,Organic,0.336474873,1,1,4.299546824
9,Organic,0.431983934,3,1,5.60553757
5,Paid,0.569025376,2,1,3.126074582
5,Social,0.428913247,1,0.941454443,1.359895747
3,Paid,0.444728722,0,1,1.464782122
6,Social,0.321779759,0,0.844446419,2.342198248
6,Social,0.058377518,2,1,3.143848355
4,Organic,0.344467825,2,0.954065213,1.457180593
6,Organic,0.473591988,1,1,5.971110243
8,Referral,0.080357169,1,1,3.995307005
4,Paid,0.21818119,0,0.868585613,0.806315038
6,Organic,0.060797553,2,1,4.169952745
4,Paid,0.29147486,1,1,6.775901876
9,Paid,0.392250218,0,1,4.996096695
5,Direct,0.276079005,1,1,9.447177491
7,Organic,0.243967588,3,1,0.625946789
2,Organic,0.058647006,3,1,1.954341615
4,Paid,0.186487879,4,1,4.593907376
4,Referral,0.503611963,0,1,2.256438195
7,Referral,0.462143652,1,1,3.076207271
3,Direct,0.300023271,2,1,9.820490399
4,Social,0.021873403,3,1,7.552043427
3,Paid,0.557418844,4,1,4.939252416
3,Organic,0.349601003,3,1,3.582094529
2,Paid,0.181162359,2,1,5.025677216
10,Referral,0.211191317,6,1,5.676390227
3,Social,0.36262536,2,1,2.288276413
2,Direct,0.27492904,3,1,6.279681242
6,Referral,0.302127084,1,1,4.498281811
4,Paid,0.049666787,1,0.870762555,4.438941051
6,Organic,0.170411186,3,1,3.264606656
2,Organic,0.142868461,1,1,4.960543231
4,Organic,0.032640007,2,1,6.786894371
9,Organic,0.142121911,2,1,1.489196944
10,Paid,0.199608936,2,1,11.27044858
5,Organic,0.102216096,5,1,7.182616459
2,Referral,0.172626234,1,0.80874141,1.295418118
3,Paid,0.455300876,0,1,6.229435049
7,Paid,0.662873522,2,1,2.848736509
6,Paid,0.053403316,2,1,1.121506499
4,Organic,0.265522191,1,1,1.989032985
2,Direct,0.402731163,6,1,2.109960349
7,Organic,0.461972539,3,1,5.250922082
6,Direct,0.454071972,2,1,3.237192152
7,Organic,0.533262967,3,1,4.46399883
7,Paid,0.2636288,1,1,5.971341705
3,Organic,0.552474934,2,1,4.938726153
3,Organic,0.100613972,3,1,6.047758017
4,Paid,0.182308657,3,1,1.838332261
5,Referral,0.174275413,3,1,2.63499804
2,Organic,0.115662396,0,1,1.56681228
4,Paid,0.14048476,2,1,2.767130675
7,Organic,0.044330972,3,1,1.643094105
5,Organic,0.078819997,1,1,2.115108765
6,Direct,0.492458577,2,0.922846816,1.87491219
4,Social,0.272655823,1,1,3.702056687
9,Paid,0.454004178,2,1,8.501808888
2,Organic,0.253967873,2,1,0.58752791
6,Organic,0.106298842,3,1,2.444499277
4,Direct,0.338837502,1,1,5.537026361
3,Organic,0.106940459,1,1,2.165047069
6,Social,0.543617488,0,1,6.820577614
7,Organic,0.516549503,2,1,1.549229619
8,Direct,0.243835639,2,1,2.495138803
9,Organic,0.074138931,0,1,2.321536327
5,Organic,0.323467253,0,0.791405234,1.917286318
4,Referral,0.080650489,0,1,2.71218256
3,Direct,0.298986243,3,1,6.905395321
7,Direct,0.390153457,5,1,3.70165177
4,Referral,0.231521943,2,1,9.712904789
8,Social,0.335975193,4,1,1.37408371
8,Paid,0.514489294,2,1,7.997753545
1,Social,0.129849971,1,0.565124209,0.329327409
5,Social,0.12519723,1,1,5.586344393
4,Paid,0.310140971,2,1,10.52793383
3,Referral,0.615190886,1,1,10.08051226
2,Paid,0.194929895,1,1,1.934418074
8,Paid,0.198601754,2,1,6.157710663
8,Social,0.574587016,3,1,7.507664139
3,Organic,0.23648942,2,1,5.36027216
4,Organic,0.203044728,2,1,2.245111167
12,Paid,0.044932579,1,1,1.701089769
3,Organic,0.235058889,2,1,2.890894682
3,Paid,0.145797051,0,1,5.949363017
4,Direct,0.143394417,2,1,2.43720601
3,Referral,0.233522796,6,1,2.930632677
4,Social,0.236160994,0,1,2.984800524
6,Organic,0.088121854,1,1,5.00564209
4,Direct,0.280376015,2,1,3.345964183
3,Referral,0.163877197,2,1,1.962728003
8,Organic,0.404462449,1,1,1.908008539
2,Referral,0.318955929,6,1,8.271883473
3,Direct,0.130977788,0,1,6.172665477
7,Organic,0.415561678,1,1,4.97884966
3,Paid,0.163215624,1,1,3.751940843
7,Direct,0.377159081,3,1,0.572662857
5,Organic,0.230541897,1,1,7.594405146
2,Referral,0.102762025,4,1,1.986798624
9,Paid,0.456930296,1,1,2.139966282
4,Organic,0.112152194,2,1,5.694481363
3,Referral,0.252808463,1,1,7.605397338
1,Organic,0.323758367,0,0.99764479,3.399025179
2,Social,0.231582786,3,1,4.481667298
6,Organic,0.148317516,1,1,0.686309314
10,Organic,0.036026247,3,1,3.652873189
6,Paid,0.380186645,2,1,2.842953574
6,Organic,0.507660352,3,1,4.643855808
2,Organic,0.579079154,2,0.94406636,3.989956872
4,Social,0.335075572,2,0.947612131,1.418386102
5,Direct,0.093588874,0,1,6.189655777
8,Social,0.144155968,2,1,5.131592069
5,Paid,0.354172852,4,1,2.600876433
3,Social,0.239482759,2,1,0.933072889
1,Direct,0.028535166,1,1,9.831420598
7,Paid,0.22017985,3,1,3.392852947
7,Organic,0.212902218,3,1,4.631772796
4,Organic,0.098037163,2,1,1.886511478
4,Paid,0.220423602,2,1,5.284369942
4,Direct,0.089816833,2,1,3.71230984
9,Paid,0.352173018,3,1,4.128122219
1,Referral,0.207187195,2,1,1.324205636
3,Organic,0.095559463,1,1,3.824416338
4,Organic,0.446622232,1,1,1.28867457
3,Paid,0.278340224,2,1,5.037583871
3,Direct,0.338025521,3,1,5.18690764